group	x	y	showSelected1
1	8830	24	165
1	8830	24	282
1	8830	24	1661
1	8830	24	2489
1	8830	24	9
2	8880	24	165
2	8880	24	303
2	8880	24	2489
2	8880	24	282
2	8880	24	63
2	8880	24	2635
2	8880	24	1965
2	8880	24	130
2	8880	24	1528
2	8880	24	658
2	8880	24	1835
2	8880	24	331
2	8880	24	1876
2	8880	24	1797
3	8880	74	165
3	8880	74	303
3	8880	74	277
3	8880	74	2635
3	8880	74	130
6	8930	74	277
6	8930	74	130
6	8930	74	2123
6	8930	74	651
6	8930	74	35
6	8930	74	2635
6	8930	74	474
6	8930	74	1798
6	8930	74	681
6	8930	74	2436
6	8930	74	1701
6	8930	74	2696
6	8930	74	2910
6	8930	74	2649
6	8930	74	2442
6	8930	74	2650
6	8930	74	546
5	8930	124	277
5	8930	124	651
5	8930	124	2607
5	8930	124	130
5	8930	124	1511
5	8930	124	35
8	8980	124	2607
8	8980	124	195
8	8980	124	651
8	8980	124	2605
8	8980	124	35
8	8980	124	11
8	8980	124	1511
8	8980	124	111
8	8980	124	1485
8	8980	124	189
8	8980	124	1290
8	8980	124	908
8	8980	124	2402
8	8980	124	1338
8	8980	124	2678
8	8980	124	983
8	8980	124	1366
8	8980	124	904
8	8980	124	2410
8	8980	124	1882
8	8980	124	1484
8	8980	124	705
9	8980	174	195
9	8980	174	11
9	8980	174	345
9	8980	174	1837
9	8980	174	111
13	9030	174	11
13	9030	174	200
13	9030	174	1282
13	9030	174	2584
13	9030	174	2643
13	9030	174	1414
13	9030	174	46
13	9030	174	2597
13	9030	174	2896
13	9030	174	273
13	9030	174	345
13	9030	174	564
13	9030	174	2405
13	9030	174	207
13	9030	174	525
13	9030	174	111
13	9030	174	447
13	9030	174	127
13	9030	174	2138
13	9030	174	426
13	9030	174	323
13	9030	174	250
13	9030	174	1665
13	9030	174	27
13	9030	174	982
13	9030	174	894
13	9030	174	1293
13	9030	174	2586
13	9030	174	1685
13	9030	174	1038
13	9030	174	1368
13	9030	174	204
13	9030	174	1573
13	9030	174	2292
13	9030	174	983
13	9030	174	2575
13	9030	174	1904
13	9030	174	33
14	9030	224	11
14	9030	224	46
14	9030	224	2803
14	9030	224	748
14	9030	224	1218
14	9030	224	1806
14	9030	224	569
14	9030	224	1500
14	9030	224	2967
14	9030	224	15
19	9080	224	11
19	9080	224	2115
19	9080	224	485
19	9080	224	712
19	9080	224	139
19	9080	224	213
19	9080	224	1786
19	9080	224	806
19	9080	224	1147
19	9080	224	416
19	9080	224	855
19	9080	224	1517
19	9080	224	297
19	9080	224	148
19	9080	224	15
19	9080	224	2058
19	9080	224	2590
19	9080	224	73
19	9080	224	2895
19	9080	224	2116
19	9080	224	2933
19	9080	224	316
19	9080	224	2560
19	9080	224	1791
19	9080	224	708
19	9080	224	1612
19	9080	224	878
19	9080	224	87
19	9080	224	2052
19	9080	224	2057
19	9080	224	2133
19	9080	224	1543
19	9080	224	1179
19	9080	224	2145
19	9080	224	158
19	9080	224	2967
19	9080	224	1571
19	9080	224	2514
19	9080	224	2589
19	9080	224	1691
19	9080	224	465
19	9080	224	1465
19	9080	224	1412
19	9080	224	2186
19	9080	224	2276
19	9080	224	1054
19	9080	224	1470
19	9080	224	118
19	9080	224	1949
19	9080	224	2934
19	9080	224	1135
19	9080	224	1238
19	9080	224	1220
19	9080	224	1397
19	9080	224	125
19	9080	224	1514
19	9080	224	68
19	9080	224	288
19	9080	224	2481
19	9080	224	2302
19	9080	224	471
19	9080	224	131
19	9080	224	743
19	9080	224	942
19	9080	224	2298
19	9080	224	2956
19	9080	224	2053
19	9080	224	1565
19	9080	224	1288
19	9080	224	2958
19	9080	224	1323
19	9080	224	959
19	9080	224	1234
19	9080	224	36
19	9080	224	988
19	9080	224	1451
19	9080	224	369
19	9080	224	1822
19	9080	224	1622
19	9080	224	119
19	9080	224	971
19	9080	224	2827
19	9080	224	2899
19	9080	224	2032
19	9080	224	406
19	9080	224	18
19	9080	224	734
19	9080	224	2387
19	9080	224	1452
20	9080	274	213
20	9080	274	806
20	9080	274	632
20	9080	274	297
20	9080	274	1552
20	9080	274	1554
20	9080	274	153
20	9080	274	154
20	9080	274	1487
20	9080	274	1476
20	9080	274	85
20	9080	274	1549
20	9080	274	129
20	9080	274	1600
20	9080	274	1431
20	9080	274	177
20	9080	274	171
20	9080	274	148
20	9080	274	1423
20	9080	274	533
20	9080	274	2792
20	9080	274	708
20	9080	274	2747
20	9080	274	1375
20	9080	274	2131
20	9080	274	1424
20	9080	274	1480
20	9080	274	1824
20	9080	274	158
20	9080	274	492
20	9080	274	2542
20	9080	274	1704
20	9080	274	2480
20	9080	274	1430
20	9080	274	118
26	9130	274	129
26	9130	274	834
26	9130	274	2736
26	9130	274	2737
26	9130	274	766
26	9130	274	1883
26	9130	274	252
26	9130	274	528
26	9130	274	343
26	9130	274	339
26	9130	274	1918
26	9130	274	171
26	9130	274	291
26	9130	274	71
26	9130	274	1549
26	9130	274	1068
26	9130	274	2077
26	9130	274	1507
26	9130	274	1987
26	9130	274	2290
26	9130	274	541
26	9130	274	737
26	9130	274	940
26	9130	274	280
26	9130	274	1917
26	9130	274	1823
26	9130	274	1015
26	9130	274	1067
26	9130	274	1895
26	9130	274	379
26	9130	274	533
26	9130	274	1788
26	9130	274	1754
26	9130	274	1501
26	9130	274	860
26	9130	274	994
26	9130	274	756
26	9130	274	516
26	9130	274	349
26	9130	274	1978
26	9130	274	1664
26	9130	274	8
26	9130	274	634
26	9130	274	1863
26	9130	274	847
26	9130	274	1429
26	9130	274	1417
26	9130	274	1270
26	9130	274	150
26	9130	274	1821
26	9130	274	1826
26	9130	274	414
26	9130	274	2851
26	9130	274	1579
26	9130	274	2682
26	9130	274	2950
26	9130	274	124
26	9130	274	2825
26	9130	274	1119
26	9130	274	2397
26	9130	274	1473
26	9130	274	1430
26	9130	274	38
26	9130	274	180
26	9130	274	2567
26	9130	274	2852
26	9130	274	1223
26	9130	274	1531
26	9130	274	586
26	9130	274	957
26	9130	274	1530
26	9130	274	118
26	9130	274	299
26	9130	274	1492
26	9130	274	2468
26	9130	274	1896
26	9130	274	2687
26	9130	274	158
26	9130	274	2780
26	9130	274	6
26	9130	274	2871
26	9130	274	601
26	9130	274	1569
26	9130	274	872
26	9130	274	1599
26	9130	274	755
26	9130	274	237
26	9130	274	995
26	9130	274	2785
26	9130	274	1533
26	9130	274	2656
26	9130	274	1620
26	9130	274	2815
26	9130	274	977
26	9130	274	1469
26	9130	274	2242
26	9130	274	1123
26	9130	274	1660
26	9130	274	674
26	9130	274	1923
26	9130	274	2168
26	9130	274	2873
26	9130	274	235
26	9130	274	2445
26	9130	274	2446
26	9130	274	2874
26	9130	274	1121
26	9130	274	2503
26	9130	274	2017
26	9130	274	208
26	9130	274	1209
26	9130	274	108
26	9130	274	1510
26	9130	274	1416
26	9130	274	1449
26	9130	274	693
26	9130	274	98
26	9130	274	2730
26	9130	274	1437
26	9130	274	429
26	9130	274	2033
26	9130	274	1608
26	9130	274	1694
26	9130	274	1676
26	9130	274	1616
26	9130	274	1017
26	9130	274	1626
26	9130	274	837
26	9130	274	2086
26	9130	274	1118
26	9130	274	1337
26	9130	274	2243
26	9130	274	2787
26	9130	274	470
26	9130	274	1228
26	9130	274	2266
26	9130	274	1783
26	9130	274	1729
26	9130	274	2808
26	9130	274	214
26	9130	274	725
26	9130	274	547
26	9130	274	2384
26	9130	274	1363
26	9130	274	842
26	9130	274	505
26	9130	274	2224
26	9130	274	2012
26	9130	274	168
26	9130	274	1303
26	9130	274	1725
26	9130	274	951
26	9130	274	1251
26	9130	274	858
26	9130	274	1930
26	9130	274	2358
26	9130	274	2658
26	9130	274	2548
26	9130	274	2782
26	9130	274	1952
26	9130	274	815
26	9130	274	727
26	9130	274	2342
26	9130	274	1233
26	9130	274	1760
26	9130	274	943
26	9130	274	2655
26	9130	274	446
26	9130	274	70
26	9130	274	2067
26	9130	274	271
27	9130	324	528
27	9130	324	1638
27	9130	324	796
27	9130	324	284
27	9130	324	2983
27	9130	324	980
27	9130	324	71
27	9130	324	874
27	9130	324	306
27	9130	324	384
27	9130	324	1935
27	9130	324	1550
27	9130	324	2768
27	9130	324	1488
27	9130	324	2099
27	9130	324	2290
27	9130	324	804
27	9130	324	2113
27	9130	324	972
27	9130	324	2627
27	9130	324	1468
27	9130	324	968
27	9130	324	2952
27	9130	324	1975
27	9130	324	2379
27	9130	324	650
27	9130	324	349
27	9130	324	1453
27	9130	324	427
27	9130	324	1096
27	9130	324	1346
27	9130	324	2945
27	9130	324	2918
27	9130	324	586
27	9130	324	1373
27	9130	324	872
27	9130	324	805
27	9130	324	2949
27	9130	324	876
34	9180	324	306
34	9180	324	384
34	9180	324	1800
34	9180	324	1801
34	9180	324	228
34	9180	324	927
34	9180	324	461
34	9180	324	817
34	9180	324	143
34	9180	324	868
34	9180	324	1188
34	9180	324	2850
34	9180	324	1919
34	9180	324	1342
34	9180	324	1074
34	9180	324	205
34	9180	324	1641
34	9180	324	1144
34	9180	324	477
34	9180	324	1639
34	9180	324	653
34	9180	324	1081
34	9180	324	114
34	9180	324	2831
34	9180	324	2536
34	9180	324	2146
34	9180	324	863
34	9180	324	2182
34	9180	324	1370
34	9180	324	650
34	9180	324	370
34	9180	324	2836
34	9180	324	2467
34	9180	324	2830
34	9180	324	2112
34	9180	324	2039
34	9180	324	2357
34	9180	324	1078
34	9180	324	2856
34	9180	324	1520
34	9180	324	2015
34	9180	324	1992
34	9180	324	2448
34	9180	324	2870
34	9180	324	1893
34	9180	324	1044
34	9180	324	2624
34	9180	324	2294
34	9180	324	2698
34	9180	324	2226
34	9180	324	1789
34	9180	324	969
34	9180	324	898
34	9180	324	1604
34	9180	324	685
34	9180	324	781
34	9180	324	1411
34	9180	324	427
34	9180	324	71
34	9180	324	828
34	9180	324	570
34	9180	324	1994
34	9180	324	1356
34	9180	324	2708
34	9180	324	2229
34	9180	324	347
34	9180	324	2777
34	9180	324	1304
34	9180	324	1993
34	9180	324	1737
34	9180	324	780
34	9180	324	1373
34	9180	324	2959
34	9180	324	2800
34	9180	324	2690
34	9180	324	105
34	9180	324	1172
34	9180	324	1163
34	9180	324	2532
34	9180	324	92
34	9180	324	2095
34	9180	324	761
34	9180	324	452
34	9180	324	1937
34	9180	324	788
34	9180	324	1712
34	9180	324	1795
34	9180	324	2631
34	9180	324	805
34	9180	324	2191
34	9180	324	946
34	9180	324	315
34	9180	324	2142
34	9180	324	382
34	9180	324	2036
34	9180	324	2762
34	9180	324	1479
34	9180	324	2629
34	9180	324	170
34	9180	324	2530
34	9180	324	1137
34	9180	324	1894
34	9180	324	1793
34	9180	324	2596
34	9180	324	2295
34	9180	324	2202
34	9180	324	1865
34	9180	324	2860
34	9180	324	144
34	9180	324	872
34	9180	324	2070
34	9180	324	2390
34	9180	324	167
34	9180	324	622
34	9180	324	2947
34	9180	324	2293
34	9180	324	1595
34	9180	324	991
34	9180	324	1874
34	9180	324	1593
34	9180	324	2189
34	9180	324	2094
34	9180	324	2104
34	9180	324	1532
34	9180	324	93
34	9180	324	2671
34	9180	324	2855
34	9180	324	275
34	9180	324	335
34	9180	324	2161
34	9180	324	1583
34	9180	324	1678
34	9180	324	2190
34	9180	324	2393
34	9180	324	2378
34	9180	324	1561
34	9180	324	2676
34	9180	324	2517
34	9180	324	524
34	9180	324	1559
34	9180	324	2411
34	9180	324	573
34	9180	324	2946
34	9180	324	1849
34	9180	324	2193
34	9180	324	319
34	9180	324	1864
34	9180	324	2403
34	9180	324	1136
34	9180	324	220
34	9180	324	2688
34	9180	324	2802
34	9180	324	2296
34	9180	324	385
34	9180	324	1866
34	9180	324	1722
34	9180	324	1362
34	9180	324	1231
34	9180	324	1194
34	9180	324	57
34	9180	324	2147
34	9180	324	741
34	9180	324	1249
34	9180	324	2207
34	9180	324	455
34	9180	324	2311
34	9180	324	2312
34	9180	324	1334
34	9180	324	1460
34	9180	324	1195
34	9180	324	1371
34	9180	324	978
34	9180	324	51
34	9180	324	1873
34	9180	324	126
34	9180	324	647
34	9180	324	2345
34	9180	324	1347
34	9180	324	1045
34	9180	324	831
34	9180	324	2487
34	9180	324	580
34	9180	324	1493
34	9180	324	985
34	9180	324	1909
34	9180	324	954
34	9180	324	61
34	9180	324	2628
34	9180	324	1844
34	9180	324	229
34	9180	324	1525
34	9180	324	1240
34	9180	324	2313
34	9180	324	1968
34	9180	324	2748
34	9180	324	1192
34	9180	324	1673
34	9180	324	1735
34	9180	324	212
34	9180	324	2769
34	9180	324	1490
34	9180	324	498
34	9180	324	1924
34	9180	324	2707
34	9180	324	449
34	9180	324	1257
34	9180	324	1777
34	9180	324	1202
34	9180	324	965
34	9180	324	2155
34	9180	324	1348
34	9180	324	1494
34	9180	324	2863
34	9180	324	1004
34	9180	324	372
34	9180	324	2705
34	9180	324	203
34	9180	324	811
34	9180	324	2213
34	9180	324	1927
35	9180	374	143
35	9180	374	496
35	9180	374	497
35	9180	374	114
35	9180	374	1003
35	9180	374	490
35	9180	374	169
35	9180	374	1659
35	9180	374	2240
35	9180	374	2178
35	9180	374	2474
35	9180	374	2467
35	9180	374	2476
35	9180	374	1905
35	9180	374	2648
35	9180	374	1309
35	9180	374	2473
35	9180	374	1478
35	9180	374	420
35	9180	374	2646
35	9180	374	2624
35	9180	374	1314
35	9180	374	1537
35	9180	374	2477
35	9180	374	1719
35	9180	374	992
35	9180	374	907
35	9180	374	144
35	9180	374	1720
35	9180	374	896
35	9180	374	1557
35	9180	374	92
35	9180	374	1793
43	9230	374	2240
43	9230	374	169
43	9230	374	2473
43	9230	374	2268
43	9230	374	862
43	9230	374	907
43	9230	374	264
43	9230	374	294
43	9230	374	2470
43	9230	374	2713
43	9230	374	1557
43	9230	374	1794
43	9230	374	1124
43	9230	374	422
43	9230	374	1041
43	9230	374	1793
43	9230	374	1328
43	9230	374	2685
43	9230	374	144
43	9230	374	752
43	9230	374	2684
43	9230	374	242
43	9230	374	2840
43	9230	374	2683
43	9230	374	1913
43	9230	374	801
43	9230	374	2045
43	9230	374	768
43	9230	374	1741
43	9230	374	1406
43	9230	374	2844
43	9230	374	2817
4	8930	24	2635
4	8930	24	303
4	8930	24	130
4	8930	24	63
4	8930	24	1591
4	8930	24	2788
4	8930	24	1155
4	8930	24	1609
4	8930	24	682
4	8930	24	546
4	8930	24	331
4	8930	24	526
4	8930	24	1995
4	8930	24	45
10	8980	74	35
10	8980	74	651
10	8980	74	195
10	8980	74	1829
10	8980	74	2201
10	8980	74	1518
10	8980	74	2650
10	8980	74	1484
10	8980	74	130
10	8980	74	566
10	8980	74	546
10	8980	74	2111
10	8980	74	705
10	8980	74	396
10	8980	74	556
10	8980	74	263
10	8980	74	45
12	9030	124	11
12	9030	124	111
12	9030	124	983
12	9030	124	893
12	9030	124	1290
12	9030	124	2716
12	9030	124	947
12	9030	124	2577
12	9030	124	7
12	9030	124	195
12	9030	124	192
12	9030	124	27
12	9030	124	705
12	9030	124	33
12	9030	124	1062
12	9030	124	844
12	9030	124	1967
12	9030	124	396
12	9030	124	1248
12	9030	124	55
12	9030	124	833
12	9030	124	2781
12	9030	124	1696
12	9030	124	803
12	9030	124	1703
18	9080	174	11
18	9080	174	914
18	9080	174	27
18	9080	174	2585
18	9080	174	574
18	9080	174	913
18	9080	174	959
18	9080	174	1573
18	9080	174	2583
18	9080	174	1588
18	9080	174	125
18	9080	174	1234
18	9080	174	2048
18	9080	174	369
18	9080	174	406
18	9080	174	2711
18	9080	174	2061
18	9080	174	204
18	9080	174	1508
18	9080	174	2837
18	9080	174	109
18	9080	174	73
18	9080	174	225
18	9080	174	466
18	9080	174	33
18	9080	174	532
18	9080	174	963
18	9080	174	2978
18	9080	174	613
18	9080	174	352
18	9080	174	465
18	9080	174	2756
18	9080	174	2880
18	9080	174	318
18	9080	174	2444
18	9080	174	1040
18	9080	174	2318
18	9080	174	1291
18	9080	174	310
18	9080	174	1082
18	9080	174	1509
18	9080	174	1761
18	9080	174	1236
18	9080	174	637
18	9080	174	1819
18	9080	174	311
18	9080	174	1540
18	9080	174	140
18	9080	174	1925
18	9080	174	1104
18	9080	174	962
18	9080	174	1030
18	9080	174	2652
25	9130	224	118
25	9130	224	648
25	9130	224	158
25	9130	224	1715
25	9130	224	38
25	9130	224	77
25	9130	224	1688
25	9130	224	108
25	9130	224	73
25	9130	224	2399
25	9130	224	754
25	9130	224	2315
25	9130	224	1157
25	9130	224	1381
25	9130	224	119
25	9130	224	1193
25	9130	224	2826
25	9130	224	1915
25	9130	224	358
25	9130	224	1088
25	9130	224	2528
25	9130	224	2529
25	9130	224	725
25	9130	224	537
25	9130	224	2779
25	9130	224	18
25	9130	224	2210
25	9130	224	1274
25	9130	224	1984
25	9130	224	515
25	9130	224	1831
25	9130	224	181
25	9130	224	8
25	9130	224	2662
25	9130	224	554
25	9130	224	505
25	9130	224	36
25	9130	224	1948
25	9130	224	1140
25	9130	224	368
25	9130	224	2552
25	9130	224	1983
25	9130	224	727
25	9130	224	1359
25	9130	224	974
25	9130	224	116
25	9130	224	2261
25	9130	224	2225
25	9130	224	1760
25	9130	224	1181
25	9130	224	2056
25	9130	224	1675
25	9130	224	2588
25	9130	224	1605
25	9130	224	775
25	9130	224	919
25	9130	224	861
25	9130	224	201
25	9130	224	70
25	9130	224	943
25	9130	224	1452
25	9130	224	2527
25	9130	224	95
25	9130	224	2227
25	9130	224	3
25	9130	224	2361
25	9130	224	2731
25	9130	224	2067
25	9130	224	1519
25	9130	224	598
25	9130	224	2695
25	9130	224	2135
25	9130	224	631
25	9130	224	2494
25	9130	224	1939
25	9130	224	1836
25	9130	224	2550
25	9130	224	6
25	9130	224	2238
25	9130	224	2523
25	9130	224	2372
25	9130	224	1941
25	9130	224	2204
25	9130	224	152
25	9130	224	2692
25	9130	224	1655
25	9130	224	2055
25	9130	224	821
25	9130	224	747
25	9130	224	2144
25	9130	224	1217
25	9130	224	719
25	9130	224	37
25	9130	224	378
25	9130	224	1145
25	9130	224	41
25	9130	224	123
25	9130	224	2960
25	9130	224	2521
25	9130	224	1115
25	9130	224	1551
25	9130	224	709
25	9130	224	375
25	9130	224	949
25	9130	224	2948
25	9130	224	1567
25	9130	224	625
25	9130	224	480
25	9130	224	1103
25	9130	224	2435
25	9130	224	2703
25	9130	224	2714
25	9130	224	1481
25	9130	224	2729
25	9130	224	933
25	9130	224	2173
25	9130	224	1929
25	9130	224	1584
25	9130	224	1536
25	9130	224	2902
25	9130	224	665
25	9130	224	1335
25	9130	224	2030
25	9130	224	2712
25	9130	224	365
25	9130	224	456
25	9130	224	2728
25	9130	224	2174
25	9130	224	2901
25	9130	224	136
25	9130	224	96
25	9130	224	771
25	9130	224	1643
25	9130	224	441
25	9130	224	2869
25	9130	224	1272
25	9130	224	2029
25	9130	224	240
25	9130	224	2501
25	9130	224	2451
25	9130	224	1773
25	9130	224	689
25	9130	224	542
25	9130	224	2640
25	9130	224	2125
25	9130	224	764
25	9130	224	2285
25	9130	224	1716
25	9130	224	2434
25	9130	224	1355
33	9180	274	872
33	9180	274	1225
33	9180	274	71
33	9180	274	2194
33	9180	274	755
33	9180	274	1080
33	9180	274	170
33	9180	274	1209
33	9180	274	93
33	9180	274	1099
33	9180	274	2677
33	9180	274	2033
33	9180	274	2086
33	9180	274	1656
33	9180	274	208
33	9180	274	1017
33	9180	274	389
33	9180	274	21
33	9180	274	51
33	9180	274	1231
33	9180	274	1522
33	9180	274	1264
33	9180	274	6
33	9180	274	2035
33	9180	274	2037
33	9180	274	2499
33	9180	274	958
33	9180	274	126
33	9180	274	2592
33	9180	274	1295
33	9180	274	582
33	9180	274	1962
33	9180	274	1625
33	9180	274	2765
33	9180	274	1240
33	9180	274	168
33	9180	274	57
33	9180	274	285
33	9180	274	522
33	9180	274	2657
33	9180	274	1216
33	9180	274	1296
33	9180	274	1046
33	9180	274	514
33	9180	274	2799
33	9180	274	815
33	9180	274	2170
33	9180	274	1159
33	9180	274	2314
33	9180	274	412
33	9180	274	845
33	9180	274	445
33	9180	274	442
33	9180	274	2080
33	9180	274	550
33	9180	274	2653
33	9180	274	2394
33	9180	274	451
33	9180	274	2595
33	9180	274	2069
33	9180	274	2
33	9180	274	2093
33	9180	274	259
33	9180	274	1698
33	9180	274	2937
33	9180	274	2438
33	9180	274	1033
33	9180	274	1129
33	9180	274	2166
33	9180	274	2795
33	9180	274	1752
33	9180	274	1316
33	9180	274	1215
33	9180	274	271
33	9180	274	2013
33	9180	274	1226
33	9180	274	2654
33	9180	274	902
33	9180	274	1106
33	9180	274	511
33	9180	274	1034
33	9180	274	2375
33	9180	274	314
33	9180	274	836
33	9180	274	2412
33	9180	274	1927
33	9180	274	2718
33	9180	274	549
33	9180	274	1244
33	9180	274	2790
33	9180	274	1396
33	9180	274	543
33	9180	274	1262
33	9180	274	875
33	9180	274	173
33	9180	274	2027
33	9180	274	383
33	9180	274	2634
33	9180	274	1212
33	9180	274	117
33	9180	274	2743
33	9180	274	2810
33	9180	274	2167
33	9180	274	2278
33	9180	274	2199
33	9180	274	593
33	9180	274	2291
33	9180	274	2172
33	9180	274	2197
33	9180	274	2533
33	9180	274	939
33	9180	274	1778
33	9180	274	12
33	9180	274	2071
33	9180	274	1779
33	9180	274	1442
33	9180	274	1581
33	9180	274	2797
33	9180	274	1780
33	9180	274	2486
33	9180	274	2599
33	9180	274	2891
33	9180	274	1092
33	9180	274	2535
33	9180	274	2866
33	9180	274	1350
33	9180	274	1349
33	9180	274	1623
33	9180	274	1394
33	9180	274	1792
33	9180	274	1444
33	9180	274	2892
33	9180	274	1708
33	9180	274	1011
33	9180	274	84
33	9180	274	336
33	9180	274	1126
33	9180	274	2744
33	9180	274	1699
33	9180	274	1592
33	9180	274	398
33	9180	274	2534
33	9180	274	434
33	9180	274	1127
33	9180	274	759
33	9180	274	159
33	9180	274	1736
33	9180	274	827
33	9180	274	1568
33	9180	274	1063
33	9180	274	1008
33	9180	274	2626
33	9180	274	1891
33	9180	274	2593
33	9180	274	2822
33	9180	274	808
33	9180	274	164
33	9180	274	2867
33	9180	274	463
33	9180	274	1372
33	9180	274	2374
33	9180	274	1243
33	9180	274	832
33	9180	274	2562
33	9180	274	749
33	9180	274	641
33	9180	274	1562
33	9180	274	2847
33	9180	274	813
33	9180	274	82
33	9180	274	265
33	9180	274	1151
33	9180	274	838
33	9180	274	48
33	9180	274	1125
33	9180	274	540
33	9180	274	2121
33	9180	274	559
33	9180	274	558
33	9180	274	1681
33	9180	274	660
33	9180	274	80
33	9180	274	1079
42	9230	324	144
42	9230	324	801
42	9230	324	1539
42	9230	324	768
42	9230	324	573
42	9230	324	275
42	9230	324	242
42	9230	324	264
42	9230	324	1722
42	9230	324	816
42	9230	324	2180
42	9230	324	2738
42	9230	324	1885
42	9230	324	2920
42	9230	324	1873
42	9230	324	779
42	9230	324	1362
42	9230	324	17
42	9230	324	2207
42	9230	324	2311
42	9230	324	61
42	9230	324	2809
42	9230	324	1406
42	9230	324	2147
42	9230	324	1945
42	9230	324	444
42	9230	324	2252
42	9230	324	408
42	9230	324	1114
42	9230	324	627
42	9230	324	2926
42	9230	324	1049
42	9230	324	1502
42	9230	324	2608
42	9230	324	1459
42	9230	324	2951
42	9230	324	1728
42	9230	324	229
42	9230	324	1001
42	9230	324	2239
42	9230	324	973
42	9230	324	60
42	9230	324	1411
42	9230	324	678
42	9230	324	772
42	9230	324	1000
42	9230	324	1112
42	9230	324	2669
42	9230	324	1525
42	9230	324	588
42	9230	324	1489
42	9230	324	2924
42	9230	324	2612
42	9230	324	1943
42	9230	324	1982
42	9230	324	2198
42	9230	324	1197
42	9230	324	1744
42	9230	324	610
42	9230	324	1506
42	9230	324	1254
42	9230	324	2469
42	9230	324	2986
42	9230	324	948
42	9230	324	2122
42	9230	324	1462
42	9230	324	583
42	9230	324	1420
42	9230	324	1255
42	9230	324	2432
42	9230	324	785
42	9230	324	304
42	9230	324	255
42	9230	324	2805
42	9230	324	372
42	9230	324	203
42	9230	324	2659
42	9230	324	2223
42	9230	324	1471
42	9230	324	2471
42	9230	324	2054
42	9230	324	2897
42	9230	324	507
42	9230	324	2806
42	9230	324	2507
42	9230	324	1196
42	9230	324	2031
42	9230	324	467
42	9230	324	2245
42	9230	324	1235
42	9230	324	1032
42	9230	324	133
42	9230	324	1200
42	9230	324	2256
42	9230	324	2369
42	9230	324	393
42	9230	324	932
42	9230	324	617
42	9230	324	373
42	9230	324	877
42	9230	324	191
42	9230	324	270
42	9230	324	2437
42	9230	324	57
42	9230	324	865
42	9230	324	2732
42	9230	324	2396
42	9230	324	1886
42	9230	324	2987
42	9230	324	1289
42	9230	324	1023
42	9230	324	1576
42	9230	324	197
42	9230	324	1732
42	9230	324	2992
42	9230	324	2165
42	9230	324	1400
42	9230	324	2868
42	9230	324	2008
42	9230	324	814
42	9230	324	2398
42	9230	324	2511
42	9230	324	1527
42	9230	324	2076
42	9230	324	2019
42	9230	324	1582
42	9230	324	603
42	9230	324	2301
42	9230	324	437
42	9230	324	1827
42	9230	324	745
42	9230	324	1944
42	9230	324	1854
42	9230	324	1914
42	9230	324	649
42	9230	324	1405
42	9230	324	1084
42	9230	324	2506
42	9230	324	1853
42	9230	324	2253
42	9230	324	1578
42	9230	324	245
42	9230	324	1139
42	9230	324	628
42	9230	324	825
42	9230	324	1474
42	9230	324	298
42	9230	324	454
42	9230	324	571
42	9230	324	1872
42	9230	324	1942
42	9230	324	1950
42	9230	324	1252
42	9230	324	2886
42	9230	324	1663
42	9230	324	289
42	9230	324	101
42	9230	324	377
42	9230	324	826
42	9230	324	1946
42	9230	324	1402
42	9230	324	1281
42	9230	324	403
42	9230	324	106
42	9230	324	1635
42	9230	324	2733
42	9230	324	2254
42	9230	324	1472
42	9230	324	224
42	9230	324	2258
42	9230	324	1774
42	9230	324	1690
42	9230	324	2082
42	9230	324	216
42	9230	324	1403
42	9230	324	257
42	9230	324	1613
42	9230	324	944
42	9230	324	2284
42	9230	324	2984
42	9230	324	1395
42	9230	324	2985
42	9230	324	2038
42	9230	324	1206
42	9230	324	2988
42	9230	324	2251
42	9230	324	2250
42	9230	324	782
42	9230	324	1299
42	9230	324	1284
42	9230	324	2598
42	9230	324	142
42	9230	324	1440
42	9230	324	185
42	9230	324	1680
42	9230	324	2509
42	9230	324	1684
42	9230	324	1
42	9230	324	642
42	9230	324	1122
42	9230	324	2231
42	9230	324	1524
42	9230	324	590
42	9230	324	2754
42	9230	324	2021
7	8980	24	546
7	8980	24	130
7	8980	24	331
7	8980	24	35
7	8980	24	45
7	8980	24	2647
7	8980	24	2566
7	8980	24	321
7	8980	24	292
7	8980	24	2431
7	8980	24	328
7	8980	24	1756
7	8980	24	1184
17	9080	124	33
17	9080	124	27
17	9080	124	844
17	9080	124	192
17	9080	124	880
17	9080	124	1842
17	9080	124	833
17	9080	124	140
17	9080	124	661
17	9080	124	1979
17	9080	124	2691
17	9080	124	2408
17	9080	124	1030
17	9080	124	55
17	9080	124	2418
17	9080	124	73
17	9080	124	922
17	9080	124	1102
17	9080	124	555
17	9080	124	1398
17	9080	124	2024
17	9080	124	1572
17	9080	124	1091
17	9080	124	324
17	9080	124	59
17	9080	124	975
17	9080	124	636
17	9080	124	2196
32	9180	224	6
32	9180	224	70
32	9180	224	271
32	9180	224	1145
32	9180	224	123
32	9180	224	2745
32	9180	224	2755
32	9180	224	117
32	9180	224	274
32	9180	224	1922
32	9180	224	41
32	9180	224	1921
32	9180	224	1897
32	9180	224	1699
32	9180	224	84
32	9180	224	2556
32	9180	224	1547
32	9180	224	2811
32	9180	224	202
32	9180	224	456
32	9180	224	809
32	9180	224	2014
32	9180	224	2117
32	9180	224	95
32	9180	224	1963
32	9180	224	1042
32	9180	224	1614
32	9180	224	463
32	9180	224	2774
32	9180	224	2807
32	9180	224	2495
32	9180	224	1700
32	9180	224	10
32	9180	224	440
32	9180	224	981
32	9180	224	2841
32	9180	224	1516
32	9180	224	561
32	9180	224	2409
32	9180	224	1351
32	9180	224	2010
32	9180	224	360
32	9180	224	1672
32	9180	224	1762
32	9180	224	1037
32	9180	224	2701
32	9180	224	1007
32	9180	224	30
32	9180	224	1175
32	9180	224	558
32	9180	224	1716
32	9180	224	2230
32	9180	224	901
32	9180	224	1142
32	9180	224	2663
32	9180	224	584
32	9180	224	37
32	9180	224	1687
32	9180	224	838
32	9180	224	695
32	9180	224	1630
32	9180	224	1058
32	9180	224	342
32	9180	224	559
32	9180	224	2482
32	9180	224	1352
32	9180	224	2011
32	9180	224	1101
32	9180	224	1932
32	9180	224	871
32	9180	224	80
32	9180	224	2898
32	9180	224	1526
32	9180	224	926
32	9180	224	1816
32	9180	224	136
32	9180	224	531
32	9180	224	2079
32	9180	224	1079
32	9180	224	2724
32	9180	224	1305
32	9180	224	857
32	9180	224	2159
32	9180	224	2007
32	9180	224	1755
32	9180	224	431
32	9180	224	1286
32	9180	224	1149
32	9180	224	2977
32	9180	224	1150
32	9180	224	892
32	9180	224	2156
32	9180	224	241
32	9180	224	4
32	9180	224	23
32	9180	224	309
32	9180	224	2957
32	9180	224	2773
32	9180	224	2564
32	9180	224	900
32	9180	224	1495
32	9180	224	405
32	9180	224	722
32	9180	224	2889
32	9180	224	1131
32	9180	224	2771
32	9180	224	2772
32	9180	224	623
32	9180	224	629
32	9180	224	232
32	9180	224	476
32	9180	224	736
32	9180	224	2001
32	9180	224	1325
32	9180	224	49
32	9180	224	2419
32	9180	224	2459
32	9180	224	841
32	9180	224	2665
32	9180	224	2681
32	9180	224	2890
32	9180	224	1757
32	9180	224	2051
32	9180	224	2458
32	9180	224	2546
32	9180	224	2565
32	9180	224	236
32	9180	224	746
32	9180	224	1911
32	9180	224	1419
15	9030	74	705
15	9030	74	195
15	9030	74	556
15	9030	74	396
15	9030	74	1799
15	9030	74	983
15	9030	74	2111
15	9030	74	263
15	9030	74	55
15	9030	74	2149
15	9030	74	950
15	9030	74	1496
15	9030	74	1436
15	9030	74	35
15	9030	74	45
15	9030	74	192
15	9030	74	1629
15	9030	74	1856
15	9030	74	1845
15	9030	74	2878
15	9030	74	2498
15	9030	74	145
24	9130	174	73
24	9130	174	1247
24	9130	174	318
24	9130	174	406
24	9130	174	2340
24	9130	174	1161
24	9130	174	949
24	9130	174	1566
24	9130	174	885
24	9130	174	1458
24	9130	174	1819
24	9130	174	2420
24	9130	174	2209
24	9130	174	637
24	9130	174	2347
24	9130	174	1947
24	9130	174	1016
24	9130	174	458
24	9130	174	136
24	9130	174	1051
24	9130	174	1039
24	9130	174	1830
24	9130	174	1880
24	9130	174	2623
24	9130	174	1832
24	9130	174	1028
24	9130	174	1457
24	9130	174	597
24	9130	174	2032
24	9130	174	2915
24	9130	174	1135
24	9130	174	567
24	9130	174	1833
24	9130	174	1213
24	9130	174	2187
24	9130	174	96
24	9130	174	2344
24	9130	174	2262
24	9130	174	664
24	9130	174	465
24	9130	174	770
24	9130	174	81
24	9130	174	41
24	9130	174	690
24	9130	174	301
24	9130	174	44
24	9130	174	2246
24	9130	174	1448
24	9130	174	820
24	9130	174	2423
24	9130	174	23
24	9130	174	13
24	9130	174	1056
24	9130	174	1146
24	9130	174	1603
24	9130	174	1503
24	9130	174	2519
24	9130	174	639
24	9130	174	2385
24	9130	174	1657
24	9130	174	2068
24	9130	174	2526
24	9130	174	870
24	9130	174	2505
24	9130	174	1031
24	9130	174	742
24	9130	174	1961
24	9130	174	1162
24	9130	174	2388
24	9130	174	115
24	9130	174	2114
24	9130	174	2916
24	9130	174	362
24	9130	174	1555
24	9130	174	2319
24	9130	174	1377
24	9130	174	1742
24	9130	174	2921
24	9130	174	1515
24	9130	174	2333
24	9130	174	262
24	9130	174	2670
24	9130	174	2909
24	9130	174	2876
24	9130	174	2472
24	9130	174	2018
24	9130	174	1989
24	9130	174	2461
41	9230	274	1289
41	9230	274	57
41	9230	274	939
41	9230	274	909
41	9230	274	1400
41	9230	274	203
41	9230	274	2026
41	9230	274	1156
41	9230	274	769
41	9230	274	72
41	9230	274	197
41	9230	274	2465
41	9230	274	1652
41	9230	274	398
41	9230	274	2626
41	9230	274	2865
41	9230	274	439
41	9230	274	2864
41	9230	274	745
41	9230	274	808
41	9230	274	219
41	9230	274	553
41	9230	274	1635
41	9230	274	2269
41	9230	274	1372
41	9230	274	48
41	9230	274	2936
41	9230	274	777
41	9230	274	1
41	9230	274	2582
41	9230	274	767
41	9230	274	2919
41	9230	274	1388
41	9230	274	17
41	9230	274	1292
41	9230	274	2601
41	9230	274	813
41	9230	274	2975
41	9230	274	2016
41	9230	274	1640
41	9230	274	142
41	9230	274	2989
41	9230	274	2976
41	9230	274	2520
41	9230	274	1534
41	9230	274	2789
41	9230	274	2251
41	9230	274	2513
41	9230	274	2222
41	9230	274	711
41	9230	274	2255
41	9230	274	1411
41	9230	274	1750
41	9230	274	12
41	9230	274	2912
41	9230	274	1383
41	9230	274	869
41	9230	274	82
41	9230	274	2042
41	9230	274	572
41	9230	274	2305
41	9230	274	2310
41	9230	274	565
41	9230	274	1681
41	9230	274	2812
41	9230	274	835
41	9230	274	666
41	9230	274	1790
41	9230	274	2604
41	9230	274	216
41	9230	274	1564
41	9230	274	417
41	9230	274	1384
41	9230	274	2244
41	9230	274	830
41	9230	274	1415
41	9230	274	2241
41	9230	274	590
41	9230	274	326
41	9230	274	1173
41	9230	274	2846
41	9230	274	2990
41	9230	274	80
41	9230	274	686
41	9230	274	1443
41	9230	274	1322
41	9230	274	520
41	9230	274	1148
41	9230	274	2004
41	9230	274	1152
41	9230	274	2763
41	9230	274	1889
41	9230	274	418
41	9230	274	332
41	9230	274	2877
41	9230	274	626
41	9230	274	523
41	9230	274	941
41	9230	274	230
41	9230	274	2160
41	9230	274	432
41	9230	274	765
41	9230	274	534
41	9230	274	500
41	9230	274	1426
41	9230	274	866
41	9230	274	415
41	9230	274	1341
41	9230	274	596
41	9230	274	1730
41	9230	274	859
41	9230	274	293
41	9230	274	178
41	9230	274	1319
41	9230	274	1544
41	9230	274	732
41	9230	274	2908
41	9230	274	2642
41	9230	274	1868
41	9230	274	2689
41	9230	274	1504
41	9230	274	1009
41	9230	274	65
41	9230	274	2561
41	9230	274	2265
41	9230	274	1456
41	9230	274	1748
41	9230	274	2107
41	9230	274	1580
41	9230	274	338
41	9230	274	79
41	9230	274	2463
41	9230	274	1718
41	9230	274	351
41	9230	274	2702
41	9230	274	296
41	9230	274	24
41	9230	274	357
41	9230	274	2645
41	9230	274	1242
41	9230	274	1751
41	9230	274	1936
41	9230	274	899
41	9230	274	2485
41	9230	274	239
41	9230	274	2982
41	9230	274	209
41	9230	274	2559
41	9230	274	494
41	9230	274	1892
41	9230	274	2299
41	9230	274	1285
41	9230	274	433
41	9230	274	226
41	9230	274	102
41	9230	274	2040
41	9230	274	1734
41	9230	274	1966
41	9230	274	1706
41	9230	274	364
41	9230	274	1739
41	9230	274	1117
41	9230	274	2935
41	9230	274	662
41	9230	274	840
41	9230	274	2332
50	9280	324	2258
50	9280	324	17
50	9280	324	2083
50	9280	324	257
50	9280	324	185
50	9280	324	2362
50	9280	324	1497
50	9280	324	1684
50	9280	324	1122
50	9280	324	1602
50	9280	324	642
50	9280	324	1855
50	9280	324	2108
50	9280	324	1817
50	9280	324	964
50	9280	324	800
50	9280	324	216
50	9280	324	1389
50	9280	324	590
50	9280	324	2572
50	9280	324	1165
50	9280	324	1940
50	9280	324	2192
50	9280	324	2034
50	9280	324	1843
50	9280	324	530
50	9280	324	1005
50	9280	324	829
50	9280	324	1214
50	9280	324	1693
50	9280	324	279
50	9280	324	1
50	9280	324	2543
50	9280	324	2228
50	9280	324	1662
50	9280	324	1721
50	9280	324	308
11	9030	24	45
11	9030	24	328
11	9030	24	263
11	9030	24	55
11	9030	24	145
11	9030	24	1184
11	9030	24	1154
11	9030	24	2735
11	9030	24	107
11	9030	24	2775
21	9080	74	55
21	9080	74	192
21	9080	74	307
21	9080	74	396
21	9080	74	1398
21	9080	74	2490
21	9080	74	145
21	9080	74	2630
21	9080	74	2829
21	9080	74	59
21	9080	74	324
21	9080	74	141
21	9080	74	1333
21	9080	74	1548
21	9080	74	1957
21	9080	74	931
21	9080	74	1972
21	9080	74	1553
21	9080	74	2176
23	9130	124	73
23	9130	124	1030
23	9130	124	637
23	9130	124	55
23	9130	124	81
23	9130	124	1091
23	9130	124	636
23	9130	124	238
23	9130	124	346
23	9130	124	557
23	9130	124	1199
23	9130	124	324
23	9130	124	770
23	9130	124	2047
23	9130	124	1742
23	9130	124	59
23	9130	124	13
23	9130	124	2461
23	9130	124	2032
23	9130	124	2391
23	9130	124	690
23	9130	124	2154
23	9130	124	585
23	9130	124	2153
23	9130	124	2260
23	9130	124	141
23	9130	124	269
23	9130	124	1224
23	9130	124	413
23	9130	124	2460
23	9130	124	2335
23	9130	124	518
31	9180	174	44
31	9180	174	136
31	9180	174	23
31	9180	174	41
31	9180	174	2704
31	9180	174	2661
31	9180	174	1603
31	9180	174	2068
31	9180	174	870
31	9180	174	2700
31	9180	174	13
31	9180	174	2636
31	9180	174	2573
31	9180	174	562
31	9180	174	1953
31	9180	174	698
31	9180	174	700
31	9180	174	2005
31	9180	174	2319
31	9180	174	925
31	9180	174	2218
31	9180	174	2914
31	9180	174	115
31	9180	174	2427
31	9180	174	400
31	9180	174	362
31	9180	174	2063
31	9180	174	1221
31	9180	174	2551
31	9180	174	232
31	9180	174	2571
31	9180	174	1846
31	9180	174	675
31	9180	174	1287
31	9180	174	309
31	9180	174	2249
31	9180	174	2247
31	9180	174	1920
31	9180	174	2472
31	9180	174	2211
31	9180	174	1183
31	9180	174	290
31	9180	174	49
31	9180	174	2900
31	9180	174	746
31	9180	174	854
31	9180	174	380
31	9180	174	2273
31	9180	174	673
31	9180	174	2761
31	9180	174	459
31	9180	174	2516
31	9180	174	1035
31	9180	174	267
31	9180	174	2416
31	9180	174	1419
31	9180	174	50
31	9180	174	1811
31	9180	174	1385
31	9180	174	717
31	9180	174	1128
31	9180	174	2400
31	9180	174	519
31	9180	174	696
31	9180	174	2887
31	9180	174	2720
31	9180	174	882
31	9180	174	1367
31	9180	174	881
31	9180	174	2849
31	9180	174	122
40	9230	224	418
40	9230	224	80
40	9230	224	431
40	9230	224	1723
40	9230	224	394
40	9230	224	534
40	9230	224	1204
40	9230	224	432
40	9230	224	4
40	9230	224	2798
40	9230	224	12
40	9230	224	1848
40	9230	224	640
40	9230	224	1727
40	9230	224	2265
40	9230	224	1176
40	9230	224	635
40	9230	224	2776
40	9230	224	1859
40	9230	224	1850
40	9230	224	2539
40	9230	224	2645
40	9230	224	241
40	9230	224	899
40	9230	224	330
40	9230	224	2558
40	9230	224	1428
40	9230	224	1731
40	9230	224	1892
40	9230	224	166
40	9230	224	160
40	9230	224	236
40	9230	224	952
40	9230	224	1278
40	9230	224	1890
40	9230	224	30
40	9230	224	1747
40	9230	224	1538
40	9230	224	494
40	9230	224	102
40	9230	224	887
40	9230	224	1642
40	9230	224	1439
40	9230	224	2143
40	9230	224	2903
40	9230	224	2073
40	9230	224	2576
40	9230	224	2617
40	9230	224	508
40	9230	224	810
40	9230	224	2430
40	9230	224	1391
40	9230	224	2620
40	9230	224	2072
40	9230	224	1071
40	9230	224	1070
40	9230	224	846
40	9230	224	2348
40	9230	224	1818
40	9230	224	2128
40	9230	224	895
40	9230	224	643
40	9230	224	65
40	9230	224	1167
40	9230	224	2065
40	9230	224	2064
40	9230	224	1594
40	9230	224	2059
40	9230	224	364
40	9230	224	2964
40	9230	224	2373
40	9230	224	49
40	9230	224	2028
40	9230	224	2621
40	9230	224	1419
40	9230	224	517
40	9230	224	1803
40	9230	224	600
40	9230	224	2364
40	9230	224	1523
40	9230	224	2363
40	9230	224	2961
40	9230	224	1977
40	9230	224	1632
40	9230	224	1191
40	9230	224	2723
40	9230	224	662
40	9230	224	1938
40	9230	224	479
40	9230	224	300
40	9230	224	2651
40	9230	224	840
40	9230	224	2882
40	9230	224	638
40	9230	224	24
40	9230	224	2331
40	9230	224	2619
40	9230	224	873
40	9230	224	2904
40	9230	224	903
40	9230	224	1631
40	9230	224	2003
40	9230	224	348
40	9230	224	1320
40	9230	224	2618
40	9230	224	1707
40	9230	224	2525
40	9230	224	853
40	9230	224	976
40	9230	224	2679
40	9230	224	1644
40	9230	224	996
40	9230	224	2786
40	9230	224	2492
40	9230	224	39
40	9230	224	2177
40	9230	224	1575
40	9230	224	1858
40	9230	224	2044
40	9230	224	407
40	9230	224	1884
40	9230	224	1141
40	9230	224	1066
40	9230	224	419
40	9230	224	2828
40	9230	224	2321
40	9230	224	509
40	9230	224	852
40	9230	224	791
40	9230	224	1908
40	9230	224	1020
40	9230	224	1266
40	9230	224	1535
40	9230	224	2578
40	9230	224	843
40	9230	224	410
40	9230	224	489
40	9230	224	1807
40	9230	224	78
40	9230	224	918
40	9230	224	69
40	9230	224	2307
40	9230	224	819
40	9230	224	776
40	9230	224	2325
49	9280	274	590
49	9280	274	1
49	9280	274	2842
49	9280	274	530
49	9280	274	178
49	9280	274	692
49	9280	274	79
49	9280	274	1951
49	9280	274	1617
49	9280	274	964
49	9280	274	1658
49	9280	274	256
49	9280	274	2089
49	9280	274	2843
49	9280	274	24
49	9280	274	1025
49	9280	274	457
49	9280	274	1256
49	9280	274	2228
49	9280	274	2603
49	9280	274	1881
49	9280	274	1662
49	9280	274	2543
49	9280	274	296
49	9280	274	619
49	9280	274	2594
49	9280	274	308
49	9280	274	209
49	9280	274	174
49	9280	274	1726
49	9280	274	1187
49	9280	274	2217
49	9280	274	1285
49	9280	274	344
49	9280	274	2602
49	9280	274	1898
49	9280	274	2320
49	9280	274	2216
49	9280	274	1651
49	9280	274	12
49	9280	274	2547
49	9280	274	1671
49	9280	274	1413
49	9280	274	2415
49	9280	274	1380
49	9280	274	2233
49	9280	274	2365
49	9280	274	113
49	9280	274	786
49	9280	274	2963
49	9280	274	313
49	9280	274	1966
49	9280	274	472
49	9280	274	2801
49	9280	274	443
49	9280	274	1903
49	9280	274	1899
49	9280	274	258
49	9280	274	1901
49	9280	274	2522
49	9280	274	624
49	9280	274	2283
49	9280	274	2452
49	9280	274	502
49	9280	274	1026
49	9280	274	2881
49	9280	274	1902
49	9280	274	1329
49	9280	274	535
49	9280	274	1900
49	9280	274	2453
49	9280	274	2163
49	9280	274	2935
49	9280	274	1964
49	9280	274	956
49	9280	274	1302
49	9280	274	2502
49	9280	274	1280
49	9280	274	2289
49	9280	274	2097
49	9280	274	1670
49	9280	274	2267
49	9280	274	1796
49	9280	274	986
49	9280	274	2544
49	9280	274	302
49	9280	274	1985
49	9280	274	1310
49	9280	274	2854
49	9280	274	172
49	9280	274	1981
49	9280	274	2639
49	9280	274	1047
49	9280	274	906
49	9280	274	680
49	9280	274	763
49	9280	274	1087
49	9280	274	1386
49	9280	274	1877
49	9280	274	1928
49	9280	274	706
49	9280	274	848
49	9280	274	1012
49	9280	274	1283
49	9280	274	1976
49	9280	274	2848
49	9280	274	536
49	9280	274	905
49	9280	274	889
49	9280	274	1570
49	9280	274	20
49	9280	274	1059
49	9280	274	1387
49	9280	274	1048
49	9280	274	2980
49	9280	274	799
49	9280	274	738
49	9280	274	1312
49	9280	274	539
49	9280	274	1542
49	9280	274	2613
49	9280	274	2610
49	9280	274	897
49	9280	274	2609
49	9280	274	1153
49	9280	274	1230
49	9280	274	2366
49	9280	274	2820
49	9280	274	1574
49	9280	274	2625
49	9280	274	1879
49	9280	274	2905
49	9280	274	1787
49	9280	274	2616
49	9280	274	163
49	9280	274	1683
49	9280	274	687
49	9280	274	2563
49	9280	274	1053
49	9280	274	2368
49	9280	274	2611
49	9280	274	2206
49	9280	274	411
49	9280	274	1463
49	9280	274	716
49	9280	274	161
49	9280	274	718
49	9280	274	587
49	9280	274	1499
49	9280	274	2615
49	9280	274	1956
49	9280	274	1482
49	9280	274	2614
49	9280	274	2879
49	9280	274	1682
49	9280	274	2981
49	9280	274	2152
49	9280	274	2569
49	9280	274	1667
49	9280	274	1810
49	9280	274	147
49	9280	274	495
49	9280	274	2377
49	9280	274	2215
49	9280	274	997
49	9280	274	2966
49	9280	274	2380
49	9280	274	340
49	9280	274	1113
49	9280	274	381
49	9280	274	2734
49	9280	274	1279
49	9280	274	325
49	9280	274	1306
49	9280	274	1392
49	9280	274	1669
49	9280	274	683
49	9280	274	2818
49	9280	274	669
49	9280	274	2454
49	9280	274	2664
16	9080	24	55
16	9080	24	145
16	9080	24	25
16	9080	24	2176
16	9080	24	2304
16	9080	24	1743
16	9080	24	350
16	9080	24	701
16	9080	24	1317
16	9080	24	488
30	9180	124	13
30	9180	124	290
30	9180	124	1224
30	9180	124	770
30	9180	124	2335
30	9180	124	585
30	9180	124	1010
30	9180	124	269
30	9180	124	2974
30	9180	124	1258
30	9180	124	1367
30	9180	124	690
30	9180	124	198
30	9180	124	141
30	9180	124	2751
30	9180	124	2633
30	9180	124	49
30	9180	124	122
30	9180	124	146
30	9180	124	884
30	9180	124	703
30	9180	124	491
30	9180	124	1036
30	9180	124	1587
30	9180	124	1455
30	9180	124	2141
30	9180	124	2360
30	9180	124	1870
30	9180	124	2752
30	9180	124	188
30	9180	124	993
30	9180	124	2750
48	9280	224	2332
48	9280	224	24
48	9280	224	2336
48	9280	224	2927
48	9280	224	2386
48	9280	224	1454
48	9280	224	2862
48	9280	224	20
48	9280	224	1648
48	9280	224	1970
48	9280	224	1283
48	9280	224	2248
48	9280	224	1644
48	9280	224	2568
48	9280	224	236
48	9280	224	1646
48	9280	224	1353
48	9280	224	2195
48	9280	224	39
48	9280	224	883
48	9280	224	104
48	9280	224	706
48	9280	224	2214
48	9280	224	2060
48	9280	224	2742
48	9280	224	924
48	9280	224	2515
48	9280	224	1461
48	9280	224	1958
48	9280	224	300
48	9280	224	587
48	9280	224	22
48	9280	224	1611
48	9280	224	1738
48	9280	224	937
48	9280	224	987
48	9280	224	341
48	9280	224	64
48	9280	224	2334
48	9280	224	1237
48	9280	224	1650
48	9280	224	2770
48	9280	224	2570
48	9280	224	2638
48	9280	224	410
48	9280	224	2479
48	9280	224	1809
48	9280	224	848
48	9280	224	2942
48	9280	224	2821
48	9280	224	2954
48	9280	224	916
48	9280	224	1607
48	9280	224	936
48	9280	224	325
48	9280	224	2940
48	9280	224	1713
48	9280	224	2169
48	9280	224	419
48	9280	224	663
48	9280	224	155
48	9280	224	611
48	9280	224	2972
48	9280	224	2971
48	9280	224	340
48	9280	224	2326
48	9280	224	2221
48	9280	224	1239
48	9280	224	1297
48	9280	224	1065
48	9280	224	2049
48	9280	224	69
48	9280	224	2929
48	9280	224	2555
48	9280	224	609
48	9280	224	2129
48	9280	224	595
48	9280	224	1205
48	9280	224	460
48	9280	224	1057
48	9280	224	552
48	9280	224	161
48	9280	224	2454
48	9280	224	605
48	9280	224	1621
48	9280	224	2664
48	9280	224	2175
48	9280	224	2171
48	9280	224	1241
48	9280	224	56
48	9280	224	2354
48	9280	224	151
48	9280	224	49
48	9280	224	579
48	9280	224	577
48	9280	224	2641
48	9280	224	2200
48	9280	224	1491
48	9280	224	40
48	9280	224	2970
48	9280	224	1906
48	9280	224	758
48	9280	224	2376
48	9280	224	715
48	9280	224	2370
48	9280	224	1308
48	9280	224	920
48	9280	224	74
48	9280	224	1267
48	9280	224	740
48	9280	224	1772
48	9280	224	361
48	9280	224	1636
48	9280	224	1847
48	9280	224	935
48	9280	224	2150
48	9280	224	2455
48	9280	224	210
48	9280	224	679
48	9280	224	1332
48	9280	224	1666
48	9280	224	548
48	9280	224	2925
48	9280	224	1910
48	9280	224	110
48	9280	224	2969
48	9280	224	1768
48	9280	224	2493
48	9280	224	731
48	9280	224	487
48	9280	224	1711
48	9280	224	182
48	9280	224	1627
48	9280	224	1116
48	9280	224	2271
48	9280	224	1098
48	9280	224	607
48	9280	224	221
48	9280	224	2922
48	9280	224	1775
48	9280	224	2686
48	9280	224	1219
48	9280	224	2316
48	9280	224	482
48	9280	224	103
48	9280	224	807
48	9280	224	353
48	9280	224	2484
48	9280	224	425
48	9280	224	2538
48	9280	224	1769
48	9280	224	979
48	9280	224	2699
48	9280	224	667
48	9280	224	1597
48	9280	224	2297
48	9280	224	2280
48	9280	224	1343
48	9280	224	90
48	9280	224	1408
48	9280	224	824
28	9130	74	931
28	9130	74	324
28	9130	74	141
28	9130	74	1553
28	9130	74	2478
28	9130	74	864
28	9130	74	518
28	9130	74	145
28	9130	74	413
28	9130	74	266
28	9130	74	25
28	9130	74	1686
28	9130	74	86
28	9130	74	1326
28	9130	74	2389
28	9130	74	469
39	9230	174	1419
39	9230	174	49
39	9230	174	2491
39	9230	174	267
39	9230	174	903
39	9230	174	183
39	9230	174	1345
39	9230	174	23
39	9230	174	1466
39	9230	174	519
39	9230	174	999
39	9230	174	2545
39	9230	174	2062
39	9230	174	50
39	9230	174	2965
39	9230	174	2177
39	9230	174	2553
39	9230	174	1838
39	9230	174	217
39	9230	174	157
39	9230	174	2668
39	9230	174	268
39	9230	174	1390
39	9230	174	852
39	9230	174	882
39	9230	174	489
39	9230	174	135
39	9230	174	2157
39	9230	174	819
39	9230	174	327
39	9230	174	881
39	9230	174	2406
39	9230	174	78
39	9230	174	671
39	9230	174	2407
39	9230	174	1276
39	9230	174	290
39	9230	174	52
39	9230	174	1432
39	9230	174	1055
39	9230	174	397
39	9230	174	2680
39	9230	174	1610
39	9230	174	776
39	9230	174	529
39	9230	174	122
39	9230	174	1857
39	9230	174	1207
39	9230	174	1907
39	9230	174	630
39	9230	174	921
39	9230	174	2325
39	9230	174	392
39	9230	174	2139
39	9230	174	1498
39	9230	174	1875
39	9230	174	2088
39	9230	174	2308
39	9230	174	1679
39	9230	174	215
39	9230	174	1321
39	9230	174	28
39	9230	174	2050
39	9230	174	2923
39	9230	174	2327
39	9230	174	1138
39	9230	174	670
39	9230	174	2667
39	9230	174	1164
56	9330	274	1482
56	9330	274	258
56	9330	274	1878
56	9330	274	2591
56	9330	274	2966
56	9330	274	1279
56	9330	274	1269
56	9330	274	371
56	9330	274	161
56	9330	274	697
56	9330	274	438
56	9330	274	1029
56	9330	274	1782
56	9330	274	1232
56	9330	274	2504
56	9330	274	1133
56	9330	274	1577
56	9330	274	576
56	9330	274	2006
56	9330	274	453
56	9330	274	1483
56	9330	274	1637
56	9330	274	961
56	9330	274	1997
56	9330	274	2081
56	9330	274	2973
56	9330	274	1132
56	9330	274	5
22	9130	24	145
22	9130	24	25
22	9130	24	86
22	9130	24	266
22	9130	24	1317
22	9130	24	575
22	9130	24	469
22	9130	24	141
22	9130	24	967
22	9130	24	488
22	9130	24	1158
22	9130	24	29
22	9130	24	486
22	9130	24	1107
22	9130	24	388
22	9130	24	702
22	9130	24	1075
22	9130	24	246
22	9130	24	402
22	9130	24	194
36	9180	74	141
36	9180	74	413
36	9180	74	1036
36	9180	74	146
36	9180	74	864
36	9180	74	2360
36	9180	74	266
36	9180	74	29
36	9180	74	2074
36	9180	74	2633
36	9180	74	2750
36	9180	74	47
36	9180	74	188
36	9180	74	690
36	9180	74	886
36	9180	74	469
36	9180	74	2367
36	9180	74	1268
36	9180	74	66
36	9180	74	684
36	9180	74	1275
36	9180	74	2235
38	9230	124	122
38	9230	124	290
38	9230	124	2488
38	9230	124	529
38	9230	124	703
38	9230	124	50
38	9230	124	49
38	9230	124	146
38	9230	124	699
38	9230	124	670
38	9230	124	188
38	9230	124	2101
38	9230	124	2274
38	9230	124	450
38	9230	124	1770
38	9230	124	1164
38	9230	124	2753
38	9230	124	28
38	9230	124	366
38	9230	124	2100
38	9230	124	1512
38	9230	124	1441
38	9230	124	2930
38	9230	124	1180
38	9230	124	2309
38	9230	124	970
38	9230	124	1615
38	9230	124	1002
47	9280	174	49
47	9280	174	397
47	9280	174	40
47	9280	174	69
47	9280	174	215
47	9280	174	568
47	9280	174	1422
47	9280	174	1246
47	9280	174	1170
47	9280	174	392
47	9280	174	487
47	9280	174	28
47	9280	174	589
47	9280	174	1357
47	9280	174	2275
47	9280	174	774
47	9280	174	110
47	9280	174	1210
47	9280	174	286
47	9280	174	1021
47	9280	174	1425
47	9280	174	231
47	9280	174	2270
47	9280	174	56
47	9280	174	243
47	9280	174	807
47	9280	174	1560
47	9280	174	2717
47	9280	174	2118
47	9280	174	199
47	9280	174	2183
47	9280	174	425
47	9280	174	1250
47	9280	174	2092
47	9280	174	2725
47	9280	174	2739
47	9280	174	2164
47	9280	174	353
47	9280	174	2794
47	9280	174	812
47	9280	174	2110
47	9280	174	2103
47	9280	174	955
47	9280	174	1558
47	9280	174	2324
47	9280	174	1401
47	9280	174	2381
47	9280	174	824
47	9280	174	2941
47	9280	174	90
47	9280	174	2579
47	9280	174	305
47	9280	174	544
47	9280	174	1227
47	9280	174	891
47	9280	174	691
47	9280	174	2835
47	9280	174	2426
47	9280	174	1990
47	9280	174	2834
47	9280	174	849
47	9280	174	646
47	9280	174	1546
47	9280	174	1358
47	9280	174	1973
47	9280	174	2078
47	9280	174	2580
47	9280	174	175
47	9280	174	677
47	9280	174	2236
47	9280	174	2417
47	9280	174	19
47	9280	174	2791
47	9280	174	929
47	9280	174	1740
47	9280	174	222
47	9280	174	1171
47	9280	174	1585
47	9280	174	2757
47	9280	174	421
47	9280	174	1702
47	9280	174	1513
47	9280	174	2758
47	9280	174	654
55	9330	224	1095
55	9330	224	161
55	9330	224	1634
55	9330	224	64
55	9330	224	2439
55	9330	224	462
55	9330	224	1360
55	9330	224	210
55	9330	224	1986
55	9330	224	435
55	9330	224	2356
55	9330	224	453
55	9330	224	2932
55	9330	224	1606
55	9330	224	2140
55	9330	224	258
55	9330	224	1768
55	9330	224	2424
55	9330	224	2355
55	9330	224	2440
55	9330	224	473
55	9330	224	1132
55	9330	224	2220
55	9330	224	2346
55	9330	224	5
55	9330	224	182
55	9330	224	1733
55	9330	224	1677
55	9330	224	1006
55	9330	224	1294
55	9330	224	1086
55	9330	224	2783
55	9330	224	2508
55	9330	224	2894
55	9330	224	112
55	9330	224	1014
55	9330	224	607
55	9330	224	1143
55	9330	224	735
55	9330	224	2510
55	9330	224	1253
55	9330	224	552
55	9330	224	367
55	9330	224	2286
55	9330	224	2134
55	9330	224	1668
55	9330	224	2804
55	9330	224	103
55	9330	224	723
55	9330	224	2885
55	9330	224	2428
55	9330	224	1446
55	9330	224	1912
55	9330	224	1166
55	9330	224	1766
55	9330	224	91
55	9330	224	2300
55	9330	224	295
55	9330	224	688
55	9330	224	2893
55	9330	224	2531
55	9330	224	1178
55	9330	224	218
55	9330	224	1767
55	9330	224	2126
55	9330	224	1763
55	9330	224	1746
55	9330	224	1043
55	9330	224	795
55	9330	224	16
55	9330	224	867
55	9330	224	90
55	9330	224	206
55	9330	224	468
55	9330	224	76
55	9330	224	2127
55	9330	224	960
55	9330	224	156
55	9330	224	1185
55	9330	224	911
55	9330	224	1869
55	9330	224	728
55	9330	224	793
55	9330	224	2279
55	9330	224	481
55	9330	224	1563
55	9330	224	890
55	9330	224	2968
55	9330	224	1860
55	9330	224	337
55	9330	224	2090
55	9330	224	1598
55	9330	224	1649
55	9330	224	2443
55	9330	224	750
55	9330	224	704
55	9330	224	1445
55	9330	224	404
55	9330	224	2084
55	9330	224	1840
55	9330	224	2666
55	9330	224	2706
55	9330	224	1097
55	9330	224	1749
55	9330	224	53
55	9330	224	2767
55	9330	224	244
55	9330	224	616
55	9330	224	2359
55	9330	224	591
55	9330	224	1759
55	9330	224	1784
55	9330	224	2778
55	9330	224	1745
55	9330	224	1529
55	9330	224	1277
55	9330	224	2237
55	9330	224	2784
55	9330	224	1024
55	9330	224	2721
55	9330	224	2441
55	9330	224	2557
55	9330	224	2944
55	9330	224	1111
55	9330	224	2288
55	9330	224	789
55	9330	224	2740
55	9330	224	2741
55	9330	224	2188
55	9330	224	726
55	9330	224	1802
55	9330	224	387
55	9330	224	1705
55	9330	224	190
55	9330	224	652
55	9330	224	2462
55	9330	224	1393
55	9330	224	773
55	9330	224	2722
55	9330	224	2349
55	9330	224	1315
55	9330	224	423
55	9330	224	1160
55	9330	224	2234
55	9330	224	193
55	9330	224	1069
55	9330	224	1174
55	9330	224	2524
55	9330	224	739
55	9330	224	1094
55	9330	224	2857
55	9330	224	792
29	9180	24	141
29	9180	24	469
29	9180	24	266
29	9180	24	29
29	9180	24	2500
29	9180	24	702
29	9180	24	246
29	9180	24	194
29	9180	24	1120
29	9180	24	47
29	9180	24	1624
29	9180	24	2158
29	9180	24	501
29	9180	24	1093
29	9180	24	88
29	9180	24	2793
29	9180	24	798
29	9180	24	990
46	9280	124	49
46	9280	124	28
46	9280	124	1512
46	9280	124	2009
46	9280	124	2162
46	9280	124	19
46	9280	124	604
46	9280	124	366
46	9280	124	929
46	9280	124	1180
46	9280	124	222
46	9280	124	428
46	9280	124	720
46	9280	124	2091
46	9280	124	2022
46	9280	124	654
46	9280	124	512
46	9280	124	1758
46	9280	124	2205
46	9280	124	1134
46	9280	124	1002
46	9280	124	1060
46	9280	124	851
46	9280	124	2710
46	9280	124	504
46	9280	124	2884
46	9280	124	89
46	9280	124	744
46	9280	124	1260
46	9280	124	196
46	9280	124	2907
46	9280	124	1934
46	9280	124	391
44	9230	74	188
44	9230	74	690
44	9230	74	366
44	9230	74	260
44	9230	74	684
44	9230	74	66
44	9230	74	2367
44	9230	74	1441
44	9230	74	1182
44	9230	74	29
44	9230	74	2096
44	9230	74	47
44	9230	74	97
44	9230	74	760
44	9230	74	254
44	9230	74	1189
44	9230	74	2644
44	9230	74	656
44	9230	74	970
44	9230	74	399
44	9230	74	493
44	9230	74	668
44	9230	74	54
44	9230	74	2257
44	9230	74	2693
44	9230	74	2888
44	9230	74	2581
44	9230	74	538
44	9230	74	186
44	9230	74	334
44	9230	74	2955
44	9230	74	1105
44	9230	74	1318
44	9230	74	1418
44	9230	74	938
54	9330	174	90
54	9330	174	1785
54	9330	174	404
54	9330	174	312
54	9330	174	704
54	9330	174	1653
54	9330	174	1324
54	9330	174	244
54	9330	174	1546
54	9330	174	56
54	9330	174	2287
54	9330	174	1277
54	9330	174	2833
54	9330	174	1361
54	9330	174	850
54	9330	174	645
54	9330	174	99
54	9330	174	2832
54	9330	174	2085
54	9330	174	2943
54	9330	174	206
54	9330	174	677
54	9330	174	1064
54	9330	174	2151
54	9330	174	1753
54	9330	174	234
54	9330	174	2264
54	9330	174	175
54	9330	174	1697
54	9330	174	359
54	9330	174	2303
54	9330	174	1307
54	9330	174	16
54	9330	174	1815
54	9330	174	694
54	9330	174	912
54	9330	174	19
54	9330	174	278
54	9330	174	28
54	9330	174	2796
54	9330	174	322
54	9330	174	421
54	9330	174	1601
54	9330	174	34
54	9330	174	1201
54	9330	174	1022
54	9330	174	1861
54	9330	174	2404
54	9330	174	1421
54	9330	174	2306
54	9330	174	1344
54	9330	174	654
54	9330	174	823
54	9330	174	739
54	9330	174	187
54	9330	174	527
54	9330	174	724
54	9330	174	2853
54	9330	174	2759
54	9330	174	2317
54	9330	174	713
54	9330	174	2329
54	9330	174	2184
54	9330	174	1177
54	9330	174	149
54	9330	174	1404
54	9330	174	2953
54	9330	174	2087
54	9330	174	184
54	9330	174	134
54	9330	174	2697
54	9330	174	1376
54	9330	174	2323
54	9330	174	1841
54	9330	174	355
54	9330	174	261
54	9330	174	75
54	9330	174	193
54	9330	174	1647
54	9330	174	2449
54	9330	174	120
54	9330	174	249
54	9330	174	2322
54	9330	174	409
54	9330	174	2130
54	9330	174	2859
61	9380	224	1160
61	9380	224	53
61	9380	224	1222
61	9380	224	16
61	9380	224	193
61	9380	224	1851
61	9380	224	484
61	9380	224	2020
61	9380	224	1229
61	9380	224	1862
61	9380	224	513
61	9380	224	792
61	9380	224	739
61	9380	224	2002
61	9380	224	1710
61	9380	224	615
61	9380	224	1717
61	9380	224	1427
61	9380	224	2450
61	9380	224	594
61	9380	224	1407
61	9380	224	2814
37	9230	24	47
37	9230	24	29
37	9230	24	493
37	9230	24	194
37	9230	24	501
37	9230	24	366
37	9230	24	88
37	9230	24	1318
37	9230	24	1689
37	9230	24	2075
37	9230	24	2383
37	9230	24	2120
37	9230	24	1105
37	9230	24	938
37	9230	24	990
37	9230	24	281
37	9230	24	376
37	9230	24	2888
37	9230	24	2257
37	9230	24	354
37	9230	24	1805
51	9280	74	366
51	9280	74	1060
51	9280	74	2660
51	9280	74	668
51	9280	74	186
51	9280	74	54
51	9280	74	2351
51	9280	74	19
51	9280	74	334
51	9280	74	888
51	9280	74	391
51	9280	74	196
51	9280	74	538
51	9280	74	751
51	9280	74	2263
51	9280	74	424
51	9280	74	2726
51	9280	74	29
51	9280	74	1871
51	9280	74	2917
51	9280	74	1018
51	9280	74	1674
51	9280	74	797
51	9280	74	794
51	9280	74	608
53	9330	124	19
53	9330	124	654
53	9330	124	134
53	9330	124	2371
53	9330	124	1260
53	9330	124	527
53	9330	124	89
53	9330	124	75
53	9330	124	1273
53	9330	124	2132
53	9330	124	409
53	9330	124	1061
53	9330	124	2872
53	9330	124	196
53	9330	124	2819
53	9330	124	2823
53	9330	124	1208
53	9330	124	710
53	9330	124	2429
53	9330	124	753
53	9330	124	1435
53	9330	124	2185
53	9330	124	676
53	9330	124	2414
53	9330	124	2130
53	9330	124	2824
53	9330	124	1960
53	9330	124	475
53	9330	124	483
53	9330	124	1589
53	9330	124	1464
53	9330	124	317
53	9330	124	521
53	9330	124	2109
53	9330	124	276
53	9330	124	1263
53	9330	124	2148
53	9330	124	1820
53	9330	124	733
53	9330	124	2136
53	9330	124	2674
53	9330	124	1245
53	9330	124	730
53	9330	124	2401
53	9330	124	1590
53	9330	124	179
53	9330	124	94
53	9330	124	1933
53	9330	124	1931
53	9330	124	248
53	9330	124	1969
60	9380	174	739
60	9380	174	615
60	9380	174	149
60	9380	174	1717
60	9380	174	193
60	9380	174	1714
60	9380	174	633
60	9380	174	953
60	9380	174	138
60	9380	174	2343
60	9380	174	184
60	9380	174	1647
60	9380	174	261
60	9380	174	121
60	9380	174	1814
60	9380	174	594
60	9380	174	1407
60	9380	174	355
60	9380	174	2025
60	9380	174	2282
60	9380	174	58
60	9380	174	2098
60	9380	174	2124
60	9380	174	251
60	9380	174	19
60	9380	174	1828
60	9380	174	2066
60	9380	174	984
60	9380	174	187
60	9380	174	592
60	9380	174	363
60	9380	174	2433
60	9380	174	2341
60	9380	174	1374
60	9380	174	602
60	9380	174	2813
60	9380	174	120
60	9380	174	2212
60	9380	174	32
60	9380	174	2339
60	9380	174	2456
60	9380	174	2392
60	9380	174	1186
60	9380	174	1926
60	9380	174	818
60	9380	174	1628
60	9380	174	2979
60	9380	174	2337
60	9380	174	26
60	9380	174	802
60	9380	174	1887
60	9380	174	320
60	9380	174	2457
60	9380	174	2338
60	9380	174	2746
60	9380	174	2673
60	9380	174	784
60	9380	174	1808
60	9380	174	2675
60	9380	174	1541
60	9380	174	2875
60	9380	174	714
60	9380	174	390
60	9380	174	374
60	9380	174	2632
60	9380	174	1073
60	9380	174	1776
60	9380	174	43
60	9380	174	401
60	9380	174	2447
60	9380	174	2694
60	9380	174	1888
45	9280	24	29
45	9280	24	938
45	9280	24	54
45	9280	24	354
45	9280	24	2257
45	9280	24	376
45	9280	24	839
45	9280	24	42
45	9280	24	1072
45	9280	24	1327
45	9280	24	1018
45	9280	24	281
45	9280	24	1654
45	9280	24	797
45	9280	24	1110
45	9280	24	1724
45	9280	24	1633
45	9280	24	1364
45	9280	24	1991
45	9280	24	2587
45	9280	24	1083
45	9280	24	620
45	9280	24	2281
45	9280	24	856
45	9280	24	1198
45	9280	24	2208
45	9280	24	223
45	9280	24	2330
45	9280	24	2102
45	9280	24	128
45	9280	24	1556
45	9280	24	545
45	9280	24	2838
45	9280	24	2715
45	9280	24	998
45	9280	24	1996
45	9280	24	1168
45	9280	24	1433
45	9280	24	2119
45	9280	24	2622
45	9280	24	1954
45	9280	24	612
59	9380	124	2109
59	9380	124	19
59	9380	124	120
59	9380	124	2858
59	9380	124	193
59	9380	124	475
59	9380	124	1190
59	9380	124	2962
59	9380	124	910
59	9380	124	1271
59	9380	124	2496
59	9380	124	32
59	9380	124	132
59	9380	124	483
59	9380	124	1867
59	9380	124	1781
59	9380	124	1090
59	9380	124	2421
59	9380	124	2232
59	9380	124	790
59	9380	124	2906
59	9380	124	1019
59	9380	124	43
59	9380	124	1169
59	9380	124	2137
59	9380	124	2911
59	9380	124	729
59	9380	124	2105
59	9380	124	31
59	9380	124	2749
59	9380	124	923
59	9380	124	2219
59	9380	124	1313
59	9380	124	2554
59	9380	124	659
59	9380	124	578
59	9380	124	1298
59	9380	124	1645
59	9380	124	2537
59	9380	124	930
59	9380	124	879
59	9380	124	14
57	9330	74	196
57	9330	74	391
57	9330	74	276
57	9330	74	1674
57	9330	74	2766
57	9330	74	94
57	9330	74	1438
57	9330	74	395
57	9330	74	1931
57	9330	74	1545
57	9330	74	248
57	9330	74	608
57	9330	74	797
57	9330	74	794
57	9330	74	1077
57	9330	74	2483
57	9330	74	19
57	9330	74	54
57	9330	74	672
57	9330	74	1955
57	9330	74	356
57	9330	74	1959
57	9330	74	1980
57	9330	74	100
57	9330	74	1089
57	9330	74	128
57	9330	74	2838
57	9330	74	1764
57	9330	74	1027
57	9330	74	1765
57	9330	74	2350
57	9330	74	1477
57	9330	74	506
65	9430	174	32
65	9430	174	374
65	9430	174	43
65	9430	174	2672
65	9430	174	283
65	9430	174	2352
65	9430	174	2913
65	9430	174	1336
65	9430	174	2328
65	9430	174	31
52	9330	24	54
52	9330	24	794
52	9330	24	391
52	9330	24	608
52	9330	24	762
52	9330	24	29
52	9330	24	128
52	9330	24	2719
52	9330	24	2838
52	9330	24	1100
52	9330	24	1486
52	9330	24	1013
52	9330	24	2549
52	9330	24	1331
52	9330	24	2709
52	9330	24	506
52	9330	24	612
52	9330	24	1839
52	9330	24	1692
52	9330	24	287
52	9330	24	551
52	9330	24	1475
52	9330	24	1203
52	9330	24	430
52	9330	24	778
52	9330	24	2861
62	9380	74	19
62	9380	74	2600
62	9380	74	1311
62	9380	74	100
62	9380	74	1313
62	9380	74	599
62	9380	74	2277
62	9380	74	2518
62	9380	74	2554
62	9380	74	1771
62	9380	74	31
62	9380	74	1027
62	9380	74	1109
62	9380	74	287
62	9380	74	2179
62	9380	74	2939
62	9380	74	2540
62	9380	74	1085
62	9380	74	1434
62	9380	74	757
62	9380	74	1298
62	9380	74	2838
62	9380	74	2839
62	9380	74	578
62	9380	74	196
62	9380	74	506
62	9380	74	721
62	9380	74	1365
62	9380	74	966
62	9380	74	14
62	9380	74	67
62	9380	74	1399
62	9380	74	2845
62	9380	74	1988
62	9380	74	606
62	9380	74	1804
62	9380	74	2637
62	9380	74	478
62	9380	74	62
62	9380	74	1259
64	9430	124	43
64	9430	124	729
64	9430	124	1336
64	9430	124	193
64	9430	124	31
64	9430	124	1330
64	9430	124	436
64	9430	124	2353
64	9430	124	1378
64	9430	124	2931
64	9430	124	1467
64	9430	124	644
64	9430	124	2041
64	9430	124	2023
64	9430	124	879
64	9430	124	14
64	9430	124	1298
64	9430	124	1379
64	9430	124	1695
64	9430	124	2466
64	9430	124	1596
64	9430	124	930
64	9430	124	917
64	9430	124	1301
64	9430	124	2413
64	9430	124	1450
64	9430	124	1300
64	9430	124	329
64	9430	124	233
64	9430	124	464
64	9430	124	2883
64	9430	124	1974
64	9430	124	62
64	9430	124	1852
58	9380	24	506
58	9380	24	287
58	9380	24	551
58	9380	24	54
58	9380	24	67
58	9380	24	621
58	9380	24	1505
58	9380	24	1916
58	9380	24	29
58	9380	24	62
58	9380	24	253
58	9380	24	2816
58	9380	24	503
58	9380	24	1834
58	9380	24	2464
58	9380	24	1108
58	9380	24	655
58	9380	24	1410
58	9380	24	928
58	9380	24	2043
58	9380	24	333
58	9380	24	2046
58	9380	24	2181
66	9430	74	31
66	9430	74	14
66	9430	74	1300
66	9430	74	329
66	9430	74	464
66	9430	74	62
66	9430	74	2606
66	9430	74	287
66	9430	74	1619
66	9430	74	1259
66	9430	74	2991
66	9430	74	499
66	9430	74	503
66	9430	74	934
66	9430	74	227
66	9430	74	1409
66	9430	74	176
66	9430	74	1130
68	9480	124	233
68	9480	124	31
68	9480	124	464
68	9480	124	62
63	9430	24	62
63	9430	24	1259
63	9430	24	503
63	9430	24	67
63	9430	24	227
63	9430	24	822
63	9430	24	287
63	9430	24	333
63	9430	24	2382
63	9430	24	2574
63	9430	24	1130
63	9430	24	247
63	9430	24	614
63	9430	24	2512
63	9430	24	945
63	9430	24	162
63	9430	24	2425
63	9430	24	1618
63	9430	24	2422
63	9430	24	2203
63	9430	24	2541
63	9430	24	510
63	9430	24	2928
63	9430	24	560
63	9430	24	657
69	9480	74	62
69	9480	74	464
69	9480	74	31
69	9480	74	233
69	9480	74	934
69	9480	74	1382
69	9480	74	176
69	9480	74	83
69	9480	74	618
69	9480	74	2475
69	9480	74	1052
69	9480	74	1586
69	9480	74	614
69	9480	74	2760
69	9480	74	448
69	9480	74	2497
69	9480	74	1521
69	9480	74	1813
67	9480	24	1130
67	9480	24	62
67	9480	24	614
67	9480	24	2425
67	9480	24	31
67	9480	24	162
67	9480	24	1339
67	9480	24	510
67	9480	24	448
67	9480	24	2259
67	9480	24	2938
67	9480	24	560
67	9480	24	787
67	9480	24	915
67	9480	24	386
67	9480	24	2000
67	9480	24	1812
67	9480	24	563
67	9480	24	2727
67	9480	24	783
67	9480	24	1447
67	9480	24	2106
71	9530	74	62
71	9530	74	31
71	9530	74	1813
71	9530	74	1825
70	9530	24	62
70	9530	24	31
70	9530	24	1813
70	9530	24	1825
70	9530	24	783
70	9530	24	2395
70	9530	24	1050
70	9530	24	581
70	9530	24	1971
70	9530	24	1998
70	9530	24	2764
70	9530	24	1261
70	9530	24	989
70	9530	24	211
70	9530	24	2272
70	9530	24	1076
70	9530	24	1369
70	9530	24	1354
70	9530	24	707
70	9530	24	1709
70	9530	24	1265
70	9530	24	1999
72	9580	24	62
72	9580	24	137
72	9580	24	1999
72	9580	24	1211
72	9580	24	272
72	9580	24	1340
