x	y
-2.57274809736225	0.699632133305762
-1.16970819677305	0.357407509139933
-0.384910463016842	0.112348134554799
-1.16445998845438	0.357121750207972
-0.389186173309635	0.113772710115371
-2.57293681855607	0.711530396312166
-2.57293681855607	0.711530396312166
-2.57745967893719	0.700903265300726
-2.5731256227236	0.699185025557325
-1.16445998845438	0.357121750207972
-1.78463242356912	0.426932892345841
-1.55601301743872	0.564142631889458
-3.47026634085889	1.21832610046932
-1.78465645045878	0.426908302872845
