x	y	clickSelects
0.00955089979931989	0.83241767638386	1218
-0.0670762230992801	1.60526872005965	1218
0.00955089979931989	0.83241767638386	2115
0.00865935988269007	0.81924552539881	139
0.00955089979931989	0.83241767638386	1476
0.0104431721773	0.815793584507306	129
0.00865935988269007	0.81924552539881	528
0.00865935988269007	0.81924552539881	796
0.01290464881715	0.819952959798244	461
0.00955089979931989	0.83241767638386	868
0.0120078983174698	0.82043550292207	868
0.0120078983174698	0.82043550292207	496
0.00865935988269007	0.81924552539881	490
0.01290464881715	0.819952959798244	11
0.0104431721773	0.815793584507306	1786
0.0104431721773	0.815793584507306	139
0.00865935988269007	0.81924552539881	632
0.00865935988269007	0.81924552539881	153
0.0120078983174698	0.82043550292207	154
0.01290464881715	0.819952959798244	1549
0.00955089979931989	0.83241767638386	1549
0.00955089979931989	0.83241767638386	1883
0.00865935988269007	0.81924552539881	71
0.0120078983174698	0.82043550292207	306
0.0120078983174698	0.82043550292207	169
0.00955089979931989	0.83241767638386	165
0.00955089979931989	0.83241767638386	1786
0.00955089979931989	0.83241767638386	2115
0.00955089979931989	0.83241767638386	297
0.0120078983174698	0.82043550292207	153
0.00865935988269007	0.81924552539881	1431
0.00865935988269007	0.81924552539881	1883
0.01290464881715	0.819952959798244	339
0.00955089979931989	0.83241767638386	284
0.00865935988269007	0.81924552539881	284
0.00955089979931989	0.83241767638386	71
0.00865935988269007	0.81924552539881	2850
0.00865935988269007	0.81924552539881	490
0.0120078983174698	0.82043550292207	490
0.0120078983174698	0.82043550292207	2240
0.00865935988269007	0.81924552539881	2489
-0.0633465342130899	1.62440850808029	2605
0.0104431721773	0.815793584507306	2605
0.01290464881715	0.819952959798244	153
0.01290464881715	0.819952959798244	1549
-0.0647576667621901	1.61060572139247	129
0.0120078983174698	0.82043550292207	339
0.0104431721773	0.815793584507306	284
0.01290464881715	0.819952959798244	1550
0.01290464881715	0.819952959798244	306
0.0104431721773	0.815793584507306	477
0.00955089979931989	0.83241767638386	114
0.00955089979931989	0.83241767638386	490
0.0104431721773	0.815793584507306	200
0.00955089979931989	0.83241767638386	569
0.00955089979931989	0.83241767638386	297
0.00955089979931989	0.83241767638386	1549
0.01290464881715	0.819952959798244	129
0.0104431721773	0.815793584507306	129
0.00955089979931989	0.83241767638386	339
0.00955089979931989	0.83241767638386	284
0.00955089979931989	0.83241767638386	284
0.01290464881715	0.819952959798244	284
0.00865935988269007	0.81924552539881	284
0.00955089979931989	0.83241767638386	1188
0.00955089979931989	0.83241767638386	1188
0.0104431721773	0.815793584507306	490
-0.0637777537538899	1.58145157012607	200
0.00865935988269007	0.81924552539881	11
0.0120078983174698	0.82043550292207	1517
0.00865935988269007	0.81924552539881	416
0.0120078983174698	0.82043550292207	297
0.0104431721773	0.815793584507306	339
0.0120078983174698	0.82043550292207	1188
0.00865935988269007	0.81924552539881	11
-0.0573526275777798	1.60024583583954	11
0.00955089979931989	0.83241767638386	297
0.0104431721773	0.815793584507306	533
0.00955089979931989	0.83241767638386	129
0.00865935988269007	0.81924552539881	339
0.00955089979931989	0.83241767638386	339
0.00955089979931989	0.83241767638386	2290
0.01290464881715	0.819952959798244	284
0.00865935988269007	0.81924552539881	284
0.00955089979931989	0.83241767638386	284
0.00865935988269007	0.81924552539881	306
0.0104431721773	0.815793584507306	306
0.00955089979931989	0.83241767638386	477
0.00955089979931989	0.83241767638386	477
0.00955089979931989	0.83241767638386	114
0.0104431721773	0.815793584507306	114
0.0104431721773	0.815793584507306	490
0.00865935988269007	0.81924552539881	490
0.00955089979931989	0.83241767638386	490
0.00865935988269007	0.81924552539881	533
0.00865935988269007	0.81924552539881	339
0.00955089979931989	0.83241767638386	2290
0.00955089979931989	0.83241767638386	284
0.00955089979931989	0.83241767638386	653
0.00955089979931989	0.83241767638386	477
0.00865935988269007	0.81924552539881	114
0.01290464881715	0.819952959798244	490
0.00955089979931989	0.83241767638386	490
0.0120078983174698	0.82043550292207	490
0.00955089979931989	0.83241767638386	2240
0.0104431721773	0.815793584507306	129
0.01290464881715	0.819952959798244	1917
0.00955089979931989	0.83241767638386	129
0.00865935988269007	0.81924552539881	1015
0.0120078983174698	0.82043550292207	804
0.00955089979931989	0.83241767638386	972
0.00955089979931989	0.83241767638386	1188
0.00865935988269007	0.81924552539881	2039
0.0104431721773	0.815793584507306	2357
0.01290464881715	0.819952959798244	1144
0.00955089979931989	0.83241767638386	143
0.00865935988269007	0.81924552539881	316
0.0104431721773	0.815793584507306	129
0.09613081360183	1.86319188033887	1917
0.0120078983174698	0.82043550292207	129
0.01290464881715	0.819952959798244	2290
0.00865935988269007	0.81924552539881	1188
0.00955089979931989	0.83241767638386	1188
0.00955089979931989	0.83241767638386	2039
0.0120078983174698	0.82043550292207	1478
0.0120078983174698	0.82043550292207	490
0.0120078983174698	0.82043550292207	490
0.00865935988269007	0.81924552539881	490
0.00955089979931989	0.83241767638386	2240
0.01290464881715	0.819952959798244	2240
0.00865935988269007	0.81924552539881	165
-0.0676454237399899	1.60093606709538	11
0.00865935988269007	0.81924552539881	1788
0.00955089979931989	0.83241767638386	2627
0.0120078983174698	0.82043550292207	968
0.00955089979931989	0.83241767638386	71
0.00955089979931989	0.83241767638386	1188
0.0104431721773	0.815793584507306	1044
0.0104431721773	0.815793584507306	1044
0.00955089979931989	0.83241767638386	114
0.00955089979931989	0.83241767638386	114
0.00865935988269007	0.81924552539881	1478
0.00955089979931989	0.83241767638386	148
0.0153880407236602	0.79655805473969	71
0.0104431721773	0.815793584507306	528
0.0104431721773	0.815793584507306	968
0.0104431721773	0.815793584507306	972
0.00865935988269007	0.81924552539881	71
0.00955089979931989	0.83241767638386	306
0.00955089979931989	0.83241767638386	1188
0.00865935988269007	0.81924552539881	114
0.00865935988269007	0.81924552539881	490
0.00865935988269007	0.81924552539881	490
0.0104431721773	0.815793584507306	2240
0.0120078983174698	0.82043550292207	1612
0.0104431721773	0.815793584507306	968
0.00865935988269007	0.81924552539881	1188
0.0153880407236602	0.79655805473969	143
0.0120078983174698	0.82043550292207	1478
0.00865935988269007	0.81924552539881	114
0.00865935988269007	0.81924552539881	994
0.00865935988269007	0.81924552539881	71
0.00955089979931989	0.83241767638386	972
0.00865935988269007	0.81924552539881	972
0.00955089979931989	0.83241767638386	2226
0.00955089979931989	0.83241767638386	2268
0.0104431721773	0.815793584507306	2268
0.00955089979931989	0.83241767638386	129
0.0120078983174698	0.82043550292207	129
0.0120078983174698	0.82043550292207	1604
0.00865935988269007	0.81924552539881	828
0.00865935988269007	0.81924552539881	1893
0.0120078983174698	0.82043550292207	570
0.0104431721773	0.815793584507306	1720
0.00865935988269007	0.81924552539881	1978
0.00955089979931989	0.83241767638386	71
0.00955089979931989	0.83241767638386	349
0.00865935988269007	0.81924552539881	1188
0.00865935988269007	0.81924552539881	1356
0.01290464881715	0.819952959798244	1356
0.0104431721773	0.815793584507306	1356
0.00865935988269007	0.81924552539881	1356
0.0120078983174698	0.82043550292207	2708
0.0104431721773	0.815793584507306	2229
0.01290464881715	0.819952959798244	177
0.00955089979931989	0.83241767638386	129
0.0104431721773	0.815793584507306	129
0.00865935988269007	0.81924552539881	1863
0.00955089979931989	0.83241767638386	972
0.00955089979931989	0.83241767638386	972
0.00865935988269007	0.81924552539881	1346
0.00955089979931989	0.83241767638386	898
0.00955089979931989	0.83241767638386	1604
0.00865935988269007	0.81924552539881	2229
0.00865935988269007	0.81924552539881	907
0.00955089979931989	0.83241767638386	294
0.00955089979931989	0.83241767638386	129
0.00955089979931989	0.83241767638386	71
0.0153880407236602	0.79655805473969	71
0.00955089979931989	0.83241767638386	71
0.00955089979931989	0.83241767638386	347
0.00865935988269007	0.81924552539881	1356
0.00955089979931989	0.83241767638386	144
0.0120078983174698	0.82043550292207	158
0.00955089979931989	0.83241767638386	177
0.01290464881715	0.819952959798244	1417
0.01290464881715	0.819952959798244	129
0.0953551512561099	1.86430124021778	1270
0.00865935988269007	0.81924552539881	1863
0.0153880407236602	0.79655805473969	71
0.00865935988269007	0.81924552539881	114
0.0104431721773	0.815793584507306	144
0.01290464881715	0.819952959798244	1124
0.00955089979931989	0.83241767638386	1417
0.0153880407236602	0.79655805473969	129
0.01290464881715	0.819952959798244	1826
0.0120078983174698	0.82043550292207	71
0.0104431721773	0.815793584507306	71
0.00955089979931989	0.83241767638386	2959
0.00955089979931989	0.83241767638386	2226
0.00865935988269007	0.81924552539881	2226
0.0120078983174698	0.82043550292207	2226
0.00865935988269007	0.81924552539881	2532
0.00955089979931989	0.83241767638386	114
0.00955089979931989	0.83241767638386	2229
0.0996584397782798	1.89386882498789	465
0.0120078983174698	0.82043550292207	316
0.00955089979931989	0.83241767638386	124
0.00955089979931989	0.83241767638386	129
0.0120078983174698	0.82043550292207	2397
0.0120078983174698	0.82043550292207	1429
0.00955089979931989	0.83241767638386	1429
0.0120078983174698	0.82043550292207	71
0.00955089979931989	0.83241767638386	788
0.00955089979931989	0.83241767638386	788
0.00955089979931989	0.83241767638386	105
0.00955089979931989	0.83241767638386	347
0.00955089979931989	0.83241767638386	347
0.00865935988269007	0.81924552539881	1795
0.00955089979931989	0.83241767638386	1163
0.00955089979931989	0.83241767638386	422
0.0104431721773	0.815793584507306	465
-0.0676454237399899	1.60093606709538	11
0.00865935988269007	0.81924552539881	129
0.00865935988269007	0.81924552539881	129
0.00955089979931989	0.83241767638386	8
0.0104431721773	0.815793584507306	1863
0.0104431721773	0.815793584507306	1531
0.0120078983174698	0.82043550292207	1531
0.0153880407236602	0.79655805473969	1163
0.00955089979931989	0.83241767638386	1163
0.00955089979931989	0.83241767638386	1163
0.0104431721773	0.815793584507306	2229
0.00865935988269007	0.81924552539881	2631
0.01290464881715	0.819952959798244	422
0.01290464881715	0.819952959798244	165
0.00955089979931989	0.83241767638386	124
0.00865935988269007	0.81924552539881	2567
0.0120078983174698	0.82043550292207	129
0.00955089979931989	0.83241767638386	1473
0.00955089979931989	0.83241767638386	71
0.00865935988269007	0.81924552539881	71
0.00865935988269007	0.81924552539881	2036
0.00955089979931989	0.83241767638386	788
0.00955089979931989	0.83241767638386	105
0.00865935988269007	0.81924552539881	1893
0.01290464881715	0.819952959798244	1163
0.00865935988269007	0.81924552539881	92
0.00955089979931989	0.83241767638386	1479
0.00865935988269007	0.81924552539881	11
0.00955089979931989	0.83241767638386	129
0.00955089979931989	0.83241767638386	1531
0.00955089979931989	0.83241767638386	1530
0.00955089979931989	0.83241767638386	71
0.00865935988269007	0.81924552539881	1894
0.00955089979931989	0.83241767638386	315
0.00955089979931989	0.83241767638386	92
0.00865935988269007	0.81924552539881	1479
0.00955089979931989	0.83241767638386	144
0.00955089979931989	0.83241767638386	752
0.0120078983174698	0.82043550292207	422
0.00865935988269007	0.81924552539881	422
0.00865935988269007	0.81924552539881	124
0.10141389502945	1.85387597787626	2780
0.0120078983174698	0.82043550292207	129
0.01290464881715	0.819952959798244	957
0.00955089979931989	0.83241767638386	8
0.00955089979931989	0.83241767638386	71
0.00865935988269007	0.81924552539881	1163
0.00865935988269007	0.81924552539881	1163
0.00955089979931989	0.83241767638386	2226
0.0104431721773	0.815793584507306	382
0.00955089979931989	0.83241767638386	1479
0.00955089979931989	0.83241767638386	752
0.00955089979931989	0.83241767638386	422
0.01290464881715	0.819952959798244	158
0.0120078983174698	0.82043550292207	1863
0.00865935988269007	0.81924552539881	6
0.0120078983174698	0.82043550292207	2036
0.00865935988269007	0.81924552539881	2390
0.01290464881715	0.819952959798244	143
0.01290464881715	0.819952959798244	144
0.0120078983174698	0.82043550292207	422
0.0965567861593799	1.82961905014465	1238
-0.0617598940096502	1.62890294646375	158
0.00955089979931989	0.83241767638386	2687
0.01290464881715	0.819952959798244	315
0.0120078983174698	0.82043550292207	143
0.00955089979931989	0.83241767638386	382
0.00955089979931989	0.83241767638386	144
0.00865935988269007	0.81924552539881	242
0.00955089979931989	0.83241767638386	242
0.00955089979931989	0.83241767638386	422
0.0120078983174698	0.82043550292207	237
0.00955089979931989	0.83241767638386	2687
0.00865935988269007	0.81924552539881	755
0.0104431721773	0.815793584507306	144
0.0104431721773	0.815793584507306	158
0.01290464881715	0.819952959798244	129
0.00865935988269007	0.81924552539881	237
0.0120078983174698	0.82043550292207	2785
0.00955089979931989	0.83241767638386	2785
0.00865935988269007	0.81924552539881	6
0.00865935988269007	0.81924552539881	71
0.00865935988269007	0.81924552539881	382
0.0153880407236602	0.79655805473969	382
0.0104431721773	0.815793584507306	942
0.09380323831757	1.8492556165051	8
0.00865935988269007	0.81924552539881	71
0.00955089979931989	0.83241767638386	71
0.0104431721773	0.815793584507306	93
0.00955089979931989	0.83241767638386	144
0.0120078983174698	0.82043550292207	242
0.01290464881715	0.819952959798244	129
0.00955089979931989	0.83241767638386	71
0.00955089979931989	0.83241767638386	2161
0.00865935988269007	0.81924552539881	1532
0.0104431721773	0.815793584507306	71
0.0104431721773	0.815793584507306	93
0.0120078983174698	0.82043550292207	315
0.00865935988269007	0.81924552539881	1561
0.01290464881715	0.819952959798244	275
0.0104431721773	0.815793584507306	144
0.00955089979931989	0.83241767638386	422
0.01290464881715	0.819952959798244	422
0.0120078983174698	0.82043550292207	422
0.00955089979931989	0.83241767638386	129
0.00865935988269007	0.81924552539881	2815
0.0104431721773	0.815793584507306	1660
0.00955089979931989	0.83241767638386	71
0.00865935988269007	0.81924552539881	2676
0.00955089979931989	0.83241767638386	1561
0.00955089979931989	0.83241767638386	144
0.00865935988269007	0.81924552539881	422
0.00865935988269007	0.81924552539881	1849
0.00865935988269007	0.81924552539881	143
0.00955089979931989	0.83241767638386	242
0.00955089979931989	0.83241767638386	158
0.0104431721773	0.815793584507306	2873
0.00865935988269007	0.81924552539881	2446
0.01290464881715	0.819952959798244	2446
0.00955089979931989	0.83241767638386	6
0.00955089979931989	0.83241767638386	1863
0.00955089979931989	0.83241767638386	2503
0.00955089979931989	0.83241767638386	143
0.00865935988269007	0.81924552539881	275
0.00865935988269007	0.81924552539881	1741
0.0120078983174698	0.82043550292207	87
0.00955089979931989	0.83241767638386	1715
0.00865935988269007	0.81924552539881	1715
0.00955089979931989	0.83241767638386	2503
0.00955089979931989	0.83241767638386	335
0.00955089979931989	0.83241767638386	335
0.01290464881715	0.819952959798244	2296
0.0104431721773	0.815793584507306	38
0.0120078983174698	0.82043550292207	1510
0.00865935988269007	0.81924552539881	1510
0.00865935988269007	0.81924552539881	2815
0.0104431721773	0.815793584507306	93
0.00955089979931989	0.83241767638386	1136
0.01290464881715	0.819952959798244	1136
0.00955089979931989	0.83241767638386	93
0.00955089979931989	0.83241767638386	93
0.0120078983174698	0.82043550292207	335
0.00955089979931989	0.83241767638386	335
0.00955089979931989	0.83241767638386	335
0.0104431721773	0.815793584507306	335
0.01290464881715	0.819952959798244	2296
0.00955089979931989	0.83241767638386	1561
0.00865935988269007	0.81924552539881	144
0.00955089979931989	0.83241767638386	1722
0.00955089979931989	0.83241767638386	1722
0.0104431721773	0.815793584507306	1715
0.00865935988269007	0.81924552539881	1688
0.0104431721773	0.815793584507306	98
0.00865935988269007	0.81924552539881	71
0.0104431721773	0.815793584507306	1136
0.0104431721773	0.815793584507306	93
0.0120078983174698	0.82043550292207	93
0.0104431721773	0.815793584507306	93
0.01290464881715	0.819952959798244	335
0.00865935988269007	0.81924552539881	1561
0.0104431721773	0.815793584507306	144
0.00955089979931989	0.83241767638386	144
0.00955089979931989	0.83241767638386	242
-0.0597411738322902	1.59111649971097	743
-0.0660989431507901	1.6098048909121	73
0.00865935988269007	0.81924552539881	1510
0.00865935988269007	0.81924552539881	208
0.00865935988269007	0.81924552539881	93
0.00865935988269007	0.81924552539881	71
0.00955089979931989	0.83241767638386	1136
0.00955089979931989	0.83241767638386	71
0.00955089979931989	0.83241767638386	93
0.00865935988269007	0.81924552539881	335
0.00955089979931989	0.83241767638386	1406
0.10318511337009	1.87131611505574	131
0.00955089979931989	0.83241767638386	38
0.00955089979931989	0.83241767638386	1676
0.0120078983174698	0.82043550292207	8
0.0104431721773	0.815793584507306	208
-0.0633465342130899	1.62440850808029	71
0.0104431721773	0.815793584507306	1231
0.00865935988269007	0.81924552539881	335
0.00955089979931989	0.83241767638386	335
0.0104431721773	0.815793584507306	335
0.00955089979931989	0.83241767638386	335
0.00865935988269007	0.81924552539881	455
0.00955089979931989	0.83241767638386	144
0.0104431721773	0.815793584507306	144
0.00955089979931989	0.83241767638386	264
0.00955089979931989	0.83241767638386	422
0.00865935988269007	0.81924552539881	2586
0.01290464881715	0.819952959798244	73
0.0104431721773	0.815793584507306	1688
0.00955089979931989	0.83241767638386	1688
0.00955089979931989	0.83241767638386	108
0.00865935988269007	0.81924552539881	208
0.01290464881715	0.819952959798244	71
0.00955089979931989	0.83241767638386	71
0.0104431721773	0.815793584507306	93
0.00955089979931989	0.83241767638386	335
0.0120078983174698	0.82043550292207	335
0.01290464881715	0.819952959798244	335
0.0104431721773	0.815793584507306	144
0.00865935988269007	0.81924552539881	2920
0.0104431721773	0.815793584507306	422
0.01290464881715	0.819952959798244	1293
0.00955089979931989	0.83241767638386	1288
0.0104431721773	0.815793584507306	1451
0.00865935988269007	0.81924552539881	108
0.00865935988269007	0.81924552539881	38
0.0120078983174698	0.82043550292207	1337
0.0104431721773	0.815793584507306	208
0.01290464881715	0.819952959798244	93
0.00955089979931989	0.83241767638386	1460
0.00865935988269007	0.81924552539881	57
0.00955089979931989	0.83241767638386	455
0.0120078983174698	0.82043550292207	144
0.00955089979931989	0.83241767638386	1701
0.00865935988269007	0.81924552539881	111
0.00955089979931989	0.83241767638386	11
0.00955089979931989	0.83241767638386	11
0.00955089979931989	0.83241767638386	1234
0.00955089979931989	0.83241767638386	1288
0.0104431721773	0.815793584507306	73
0.00955089979931989	0.83241767638386	11
0.00955089979931989	0.83241767638386	73
0.0104431721773	0.815793584507306	73
0.00955089979931989	0.83241767638386	108
0.00865935988269007	0.81924552539881	8
0.00865935988269007	0.81924552539881	1337
0.00955089979931989	0.83241767638386	1337
0.00955089979931989	0.83241767638386	98
0.0104431721773	0.815793584507306	93
0.00955089979931989	0.83241767638386	1965
0.00865935988269007	0.81924552539881	1591
0.0104431721773	0.815793584507306	904
0.0153880407236602	0.79655805473969	893
0.00955089979931989	0.83241767638386	983
0.0153880407236602	0.79655805473969	1685
0.01290464881715	0.819952959798244	1368
0.01290464881715	0.819952959798244	1368
0.00865935988269007	0.81924552539881	204
0.00955089979931989	0.83241767638386	574
0.00955089979931989	0.83241767638386	913
0.00955089979931989	0.83241767638386	11
0.0120078983174698	0.82043550292207	131
0.00955089979931989	0.83241767638386	131
0.00955089979931989	0.83241767638386	11
0.00865935988269007	0.81924552539881	38
0.01290464881715	0.819952959798244	8
0.00955089979931989	0.83241767638386	93
0.00955089979931989	0.83241767638386	144
0.00955089979931989	0.83241767638386	165
0.0120078983174698	0.82043550292207	303
0.00955089979931989	0.83241767638386	130
0.00865935988269007	0.81924552539881	2910
0.0104431721773	0.815793584507306	474
0.0104431721773	0.815793584507306	2649
0.00955089979931989	0.83241767638386	2650
0.00865935988269007	0.81924552539881	2650
0.0120078983174698	0.82043550292207	651
0.0120078983174698	0.82043550292207	35
0.00955089979931989	0.83241767638386	195
0.00865935988269007	0.81924552539881	904
0.00865935988269007	0.81924552539881	111
0.0120078983174698	0.82043550292207	2577
0.00865935988269007	0.81924552539881	111
0.0120078983174698	0.82043550292207	1685
0.0120078983174698	0.82043550292207	1685
0.01290464881715	0.819952959798244	894
0.00955089979931989	0.83241767638386	27
0.00955089979931989	0.83241767638386	73
0.09908985203593	1.88848838804149	130
-0.0660989431507901	1.6098048909121	1368
0.00865935988269007	0.81924552539881	574
0.0120078983174698	0.82043550292207	125
0.00955089979931989	0.83241767638386	73
0.00955089979931989	0.83241767638386	73
0.00955089979931989	0.83241767638386	754
0.00955089979931989	0.83241767638386	108
0.00865935988269007	0.81924552539881	108
0.00865935988269007	0.81924552539881	1381
0.00955089979931989	0.83241767638386	1381
0.00865935988269007	0.81924552539881	1118
0.00865935988269007	0.81924552539881	108
0.0120078983174698	0.82043550292207	2266
0.00955089979931989	0.83241767638386	98
0.01290464881715	0.819952959798244	1783
0.00955089979931989	0.83241767638386	93
0.0104431721773	0.815793584507306	93
0.00955089979931989	0.83241767638386	2311
0.00865935988269007	0.81924552539881	2207
0.00955089979931989	0.83241767638386	2207
0.01290464881715	0.819952959798244	144
0.01290464881715	0.819952959798244	144
-0.0581486209400799	1.6044678837309	369
0.00955089979931989	0.83241767638386	754
-0.0603951636689701	1.62619319934204	108
0.00865935988269007	0.81924552539881	208
0.00865935988269007	0.81924552539881	71
0.01290464881715	0.819952959798244	1522
0.00955089979931989	0.83241767638386	1522
0.0104431721773	0.815793584507306	93
0.0104431721773	0.815793584507306	93
0.0120078983174698	0.82043550292207	57
0.00955089979931989	0.83241767638386	335
0.00865935988269007	0.81924552539881	455
0.01290464881715	0.819952959798244	144
0.00955089979931989	0.83241767638386	144
0.0104431721773	0.815793584507306	1406
0.00955089979931989	0.83241767638386	1406
0.00955089979931989	0.83241767638386	98
0.01290464881715	0.819952959798244	208
0.00955089979931989	0.83241767638386	389
0.0104431721773	0.815793584507306	21
0.00955089979931989	0.83241767638386	1264
0.00865935988269007	0.81924552539881	455
0.01290464881715	0.819952959798244	2809
0.00955089979931989	0.83241767638386	73
0.00865935988269007	0.81924552539881	126
0.0120078983174698	0.82043550292207	57
0.00955089979931989	0.83241767638386	1045
0.00955089979931989	0.83241767638386	1045
0.00955089979931989	0.83241767638386	335
0.00955089979931989	0.83241767638386	335
0.00955089979931989	0.83241767638386	455
0.00865935988269007	0.81924552539881	455
0.00865935988269007	0.81924552539881	455
0.00865935988269007	0.81924552539881	455
0.00955089979931989	0.83241767638386	2311
0.00955089979931989	0.83241767638386	1406
0.00865935988269007	0.81924552539881	73
0.0104431721773	0.815793584507306	6
0.0104431721773	0.815793584507306	985
0.00865935988269007	0.81924552539881	335
0.00955089979931989	0.83241767638386	954
0.0120078983174698	0.82043550292207	455
0.0104431721773	0.815793584507306	455
0.00955089979931989	0.83241767638386	455
0.00865935988269007	0.81924552539881	229
0.01290464881715	0.819952959798244	444
0.00955089979931989	0.83241767638386	1114
0.00955089979931989	0.83241767638386	505
-0.06432382550816	1.58691166093598	93
0.00955089979931989	0.83241767638386	985
0.00865935988269007	0.81924552539881	1114
0.00865935988269007	0.81924552539881	17
0.00955089979931989	0.83241767638386	6
0.00955089979931989	0.83241767638386	6
0.00865935988269007	0.81924552539881	647
0.0104431721773	0.815793584507306	1502
0.01290464881715	0.819952959798244	1502
0.00955089979931989	0.83241767638386	505
0.00865935988269007	0.81924552539881	6
0.00955089979931989	0.83241767638386	1962
0.00955089979931989	0.83241767638386	1240
0.00955089979931989	0.83241767638386	1673
0.01290464881715	0.819952959798244	1192
0.0120078983174698	0.82043550292207	2951
0.0120078983174698	0.82043550292207	1274
0.00955089979931989	0.83241767638386	842
0.00955089979931989	0.83241767638386	21
0.0104431721773	0.815793584507306	1240
0.00955089979931989	0.83241767638386	985
0.00865935988269007	0.81924552539881	1735
0.0120078983174698	0.82043550292207	1459
0.0153880407236602	0.79655805473969	1049
0.00955089979931989	0.83241767638386	17
0.10261647349206	1.86608969344346	111
0.0104431721773	0.815793584507306	73
0.0104431721773	0.815793584507306	73
-0.0595989192938098	1.61154574042988	108
0.01290464881715	0.819952959798244	6
0.0104431721773	0.815793584507306	98
0.00865935988269007	0.81924552539881	6
0.0153880407236602	0.79655805473969	6
0.0120078983174698	0.82043550292207	1962
0.0120078983174698	0.82043550292207	985
0.00955089979931989	0.83241767638386	985
0.0153880407236602	0.79655805473969	1192
0.00955089979931989	0.83241767638386	229
0.01290464881715	0.819952959798244	1728
0.00865935988269007	0.81924552539881	1728
0.00955089979931989	0.83241767638386	73
0.0120078983174698	0.82043550292207	1831
0.00955089979931989	0.83241767638386	505
0.00955089979931989	0.83241767638386	505
0.00955089979931989	0.83241767638386	1251
0.00955089979931989	0.83241767638386	57
0.00865935988269007	0.81924552539881	229
0.01290464881715	0.819952959798244	1112
0.0120078983174698	0.82043550292207	1112
0.0120078983174698	0.82043550292207	17
0.00865935988269007	0.81924552539881	505
0.00955089979931989	0.83241767638386	1930
0.00955089979931989	0.83241767638386	6
0.00955089979931989	0.83241767638386	285
-0.0676454237399899	1.60093606709538	6
0.00865935988269007	0.81924552539881	1240
0.0120078983174698	0.82043550292207	1257
0.0104431721773	0.815793584507306	1192
0.00955089979931989	0.83241767638386	772
0.0104431721773	0.815793584507306	1000
0.00955089979931989	0.83241767638386	505
0.00955089979931989	0.83241767638386	2924
0.0104431721773	0.815793584507306	678
0.00955089979931989	0.83241767638386	108
0.00955089979931989	0.83241767638386	505
0.00865935988269007	0.81924552539881	285
0.0120078983174698	0.82043550292207	449
0.0104431721773	0.815793584507306	1943
0.00955089979931989	0.83241767638386	285
0.00955089979931989	0.83241767638386	57
0.0120078983174698	0.82043550292207	1192
0.0104431721773	0.815793584507306	17
0.00955089979931989	0.83241767638386	17
0.00865935988269007	0.81924552539881	2799
0.0120078983174698	0.82043550292207	17
0.00955089979931989	0.83241767638386	6
0.0120078983174698	0.82043550292207	1159
0.01290464881715	0.819952959798244	1348
0.00955089979931989	0.83241767638386	57
0.00955089979931989	0.83241767638386	229
0.00865935988269007	0.81924552539881	1506
0.00955089979931989	0.83241767638386	727
0.00955089979931989	0.83241767638386	1159
0.00955089979931989	0.83241767638386	51
0.00955089979931989	0.83241767638386	1348
0.0104431721773	0.815793584507306	1004
0.00955089979931989	0.83241767638386	1004
0.01290464881715	0.819952959798244	229
0.0104431721773	0.815793584507306	229
0.0104431721773	0.815793584507306	948
0.00865935988269007	0.81924552539881	948
0.0120078983174698	0.82043550292207	2469
0.00955089979931989	0.83241767638386	974
0.00865935988269007	0.81924552539881	57
0.00955089979931989	0.83241767638386	772
0.00955089979931989	0.83241767638386	17
0.00865935988269007	0.81924552539881	17
0.00955089979931989	0.83241767638386	369
0.00955089979931989	0.83241767638386	73
0.00955089979931989	0.83241767638386	1760
0.0104431721773	0.815793584507306	6
0.00865935988269007	0.81924552539881	6
0.00865935988269007	0.81924552539881	442
0.0104431721773	0.815793584507306	2394
0.0104431721773	0.815793584507306	2394
0.00955089979931989	0.83241767638386	57
0.00955089979931989	0.83241767638386	583
0.0104431721773	0.815793584507306	229
0.00865935988269007	0.81924552539881	772
0.0104431721773	0.815793584507306	1254
0.00865935988269007	0.81924552539881	610
0.00955089979931989	0.83241767638386	1255
0.01290464881715	0.819952959798244	2469
0.01290464881715	0.819952959798244	368
0.0120078983174698	0.82043550292207	943
0.0120078983174698	0.82043550292207	442
0.00865935988269007	0.81924552539881	550
0.0104431721773	0.815793584507306	57
0.00865935988269007	0.81924552539881	17
0.0104431721773	0.815793584507306	255
0.0120078983174698	0.82043550292207	2469
0.1039594180669	1.87032736232035	108
0.01290464881715	0.819952959798244	2069
0.00865935988269007	0.81924552539881	2
0.00955089979931989	0.83241767638386	17
0.00865935988269007	0.81924552539881	785
0.0120078983174698	0.82043550292207	17
0.00865935988269007	0.81924552539881	17
0.0104431721773	0.815793584507306	17
0.00955089979931989	0.83241767638386	255
0.00955089979931989	0.83241767638386	73
0.0153880407236602	0.79655805473969	919
0.0120078983174698	0.82043550292207	2438
0.0153880407236602	0.79655805473969	57
0.00955089979931989	0.83241767638386	17
0.00865935988269007	0.81924552539881	17
0.0104431721773	0.815793584507306	2223
0.0104431721773	0.815793584507306	1675
0.0104431721773	0.815793584507306	861
0.01290464881715	0.819952959798244	919
0.0104431721773	0.815793584507306	6
0.00955089979931989	0.83241767638386	6
0.00955089979931989	0.83241767638386	2
0.00865935988269007	0.81924552539881	2438
0.00955089979931989	0.83241767638386	2213
0.00865935988269007	0.81924552539881	785
0.01290464881715	0.819952959798244	2507
0.00865935988269007	0.81924552539881	259
0.0104431721773	0.815793584507306	2438
0.00865935988269007	0.81924552539881	57
0.00865935988269007	0.81924552539881	583
0.00955089979931989	0.83241767638386	1235
0.00865935988269007	0.81924552539881	108
0.00865935988269007	0.81924552539881	203
0.00955089979931989	0.83241767638386	203
0.00865935988269007	0.81924552539881	2031
0.00865935988269007	0.81924552539881	583
0.0104431721773	0.815793584507306	583
0.00865935988269007	0.81924552539881	583
0.0120078983174698	0.82043550292207	17
0.00955089979931989	0.83241767638386	1032
0.00955089979931989	0.83241767638386	1235
0.00865935988269007	0.81924552539881	1235
0.00955089979931989	0.83241767638386	73
0.00955089979931989	0.83241767638386	2795
0.00865935988269007	0.81924552539881	2375
0.0120078983174698	0.82043550292207	2375
0.00955089979931989	0.83241767638386	2375
0.0104431721773	0.815793584507306	2
0.00865935988269007	0.81924552539881	2
0.00865935988269007	0.81924552539881	1316
0.00955089979931989	0.83241767638386	1316
0.00955089979931989	0.83241767638386	57
0.00955089979931989	0.83241767638386	583
0.00865935988269007	0.81924552539881	467
0.00865935988269007	0.81924552539881	1471
0.00955089979931989	0.83241767638386	2897
0.00955089979931989	0.83241767638386	2897
0.1039594180669	1.87032736232035	352
0.00865935988269007	0.81924552539881	116
0.00955089979931989	0.83241767638386	116
0.0120078983174698	0.82043550292207	95
0.00865935988269007	0.81924552539881	1034
0.00955089979931989	0.83241767638386	2
0.00955089979931989	0.83241767638386	2
0.0120078983174698	0.82043550292207	1316
0.00955089979931989	0.83241767638386	1316
0.00865935988269007	0.81924552539881	1316
0.00955089979931989	0.83241767638386	583
0.0104431721773	0.815793584507306	785
0.0104431721773	0.815793584507306	133
0.00865935988269007	0.81924552539881	1235
0.0120078983174698	0.82043550292207	1235
0.00955089979931989	0.83241767638386	116
-0.06277758691812	1.62886934445178	95
0.0104431721773	0.815793584507306	6
0.00865935988269007	0.81924552539881	259
0.01290464881715	0.819952959798244	259
0.00955089979931989	0.83241767638386	259
0.00865935988269007	0.81924552539881	1034
0.00955089979931989	0.83241767638386	2
0.0104431721773	0.815793584507306	2
0.00865935988269007	0.81924552539881	1316
0.0104431721773	0.815793584507306	2369
0.00955089979931989	0.83241767638386	1235
0.11182248290873	1.78048862061197	27
0.00865935988269007	0.81924552539881	6
0.00955089979931989	0.83241767638386	314
0.00865935988269007	0.81924552539881	583
0.00865935988269007	0.81924552539881	583
0.01290464881715	0.819952959798244	270
0.00955089979931989	0.83241767638386	133
0.00955089979931989	0.83241767638386	2437
0.00955089979931989	0.83241767638386	617
0.00865935988269007	0.81924552539881	617
-0.0660989431507901	1.6098048909121	95
0.00955089979931989	0.83241767638386	875
0.01290464881715	0.819952959798244	2027
0.00955089979931989	0.83241767638386	1244
0.00865935988269007	0.81924552539881	17
0.0104431721773	0.815793584507306	2369
0.00955089979931989	0.83241767638386	1235
0.00865935988269007	0.81924552539881	73
0.00955089979931989	0.83241767638386	95
0.00955089979931989	0.83241767638386	2
0.00955089979931989	0.83241767638386	203
0.00865935988269007	0.81924552539881	583
0.01290464881715	0.819952959798244	583
0.0120078983174698	0.82043550292207	373
0.0104431721773	0.815793584507306	133
0.00865935988269007	0.81924552539881	17
0.0104431721773	0.815793584507306	95
0.00865935988269007	0.81924552539881	1836
0.0104431721773	0.815793584507306	1262
0.00865935988269007	0.81924552539881	2
0.00955089979931989	0.83241767638386	373
-0.06630269580269	1.61252850512531	27
0.01290464881715	0.819952959798244	1836
0.00865935988269007	0.81924552539881	875
0.01290464881715	0.819952959798244	314
0.00865935988269007	0.81924552539881	57
0.00955089979931989	0.83241767638386	203
0.00955089979931989	0.83241767638386	173
0.01290464881715	0.819952959798244	2197
0.00865935988269007	0.81924552539881	314
0.00865935988269007	0.81924552539881	57
0.00865935988269007	0.81924552539881	203
0.0104431721773	0.815793584507306	203
0.00955089979931989	0.83241767638386	373
0.00955089979931989	0.83241767638386	373
0.0104431721773	0.815793584507306	617
0.00865935988269007	0.81924552539881	2511
0.0104431721773	0.815793584507306	73
-0.06630269580269	1.61252850512531	73
-0.0635503658725098	1.61582692541122	6
0.00865935988269007	0.81924552539881	173
0.00955089979931989	0.83241767638386	314
0.00955089979931989	0.83241767638386	203
0.00865935988269007	0.81924552539881	373
0.00865935988269007	0.81924552539881	373
0.0104431721773	0.815793584507306	17
0.0104431721773	0.815793584507306	2165
0.00955089979931989	0.83241767638386	617
0.0104431721773	0.815793584507306	617
0.0104431721773	0.815793584507306	2019
0.00865935988269007	0.81924552539881	1145
0.0104431721773	0.815793584507306	2
0.00955089979931989	0.83241767638386	314
0.00865935988269007	0.81924552539881	314
0.00865935988269007	0.81924552539881	314
0.00865935988269007	0.81924552539881	57
0.0120078983174698	0.82043550292207	909
0.00865935988269007	0.81924552539881	909
0.00955089979931989	0.83241767638386	203
0.0104431721773	0.815793584507306	133
0.00955089979931989	0.83241767638386	2019
0.00955089979931989	0.83241767638386	2019
0.0104431721773	0.815793584507306	73
0.00865935988269007	0.81924552539881	173
0.00865935988269007	0.81924552539881	909
0.01290464881715	0.819952959798244	203
0.0104431721773	0.815793584507306	203
0.00865935988269007	0.81924552539881	373
0.0104431721773	0.815793584507306	2165
0.00955089979931989	0.83241767638386	133
0.00955089979931989	0.83241767638386	133
0.0120078983174698	0.82043550292207	2019
0.0104431721773	0.815793584507306	173
0.0104431721773	0.815793584507306	909
0.01290464881715	0.819952959798244	1084
0.0104431721773	0.815793584507306	2960
0.00865935988269007	0.81924552539881	173
0.00865935988269007	0.81924552539881	2
0.0104431721773	0.815793584507306	2891
0.01290464881715	0.819952959798244	57
0.0104431721773	0.815793584507306	2506
0.00955089979931989	0.83241767638386	17
0.00955089979931989	0.83241767638386	2165
0.01290464881715	0.819952959798244	1405
0.00865935988269007	0.81924552539881	1084
0.00865935988269007	0.81924552539881	2960
0.00955089979931989	0.83241767638386	1350
0.00865935988269007	0.81924552539881	1792
0.00955089979931989	0.83241767638386	203
0.00955089979931989	0.83241767638386	17
0.00865935988269007	0.81924552539881	95
0.00955089979931989	0.83241767638386	314
0.00865935988269007	0.81924552539881	203
0.00955089979931989	0.83241767638386	203
0.00865935988269007	0.81924552539881	17
0.00865935988269007	0.81924552539881	1139
0.00865935988269007	0.81924552539881	1084
0.00865935988269007	0.81924552539881	2340
0.0120078983174698	0.82043550292207	95
0.00955089979931989	0.83241767638386	117
0.01290464881715	0.819952959798244	2
0.0104431721773	0.815793584507306	2
0.0104431721773	0.815793584507306	2
0.00955089979931989	0.83241767638386	2
0.00955089979931989	0.83241767638386	2253
0.00865935988269007	0.81924552539881	245
0.00865935988269007	0.81924552539881	1139
-0.0553332350138902	1.55487064796865	27
0.00955089979931989	0.83241767638386	2340
0.0120078983174698	0.82043550292207	73
0.00865935988269007	0.81924552539881	73
0.0120078983174698	0.82043550292207	245
0.00955089979931989	0.83241767638386	949
-0.0581486209400799	1.6044678837309	37
0.00955089979931989	0.83241767638386	1699
0.00865935988269007	0.81924552539881	2
0.00955089979931989	0.83241767638386	57
0.00955089979931989	0.83241767638386	203
0.00865935988269007	0.81924552539881	571
0.00955089979931989	0.83241767638386	37
0.00865935988269007	0.81924552539881	2435
0.01290464881715	0.819952959798244	1699
0.00865935988269007	0.81924552539881	1592
0.00955089979931989	0.83241767638386	2
0.0120078983174698	0.82043550292207	2891
0.00865935988269007	0.81924552539881	2465
0.00955089979931989	0.83241767638386	949
0.00955089979931989	0.83241767638386	933
0.00955089979931989	0.83241767638386	95
0.00955089979931989	0.83241767638386	1699
0.0104431721773	0.815793584507306	1699
0.0104431721773	0.815793584507306	2
0.00955089979931989	0.83241767638386	398
0.0153880407236602	0.79655805473969	1872
0.0104431721773	0.815793584507306	1663
0.00865935988269007	0.81924552539881	1663
0.00955089979931989	0.83241767638386	1252
0.00955089979931989	0.83241767638386	571
-0.0632842355260301	1.57821989436411	27
0.00865935988269007	0.81924552539881	37
0.00865935988269007	0.81924552539881	1547
0.0120078983174698	0.82043550292207	2
0.00955089979931989	0.83241767638386	245
0.00955089979931989	0.83241767638386	571
0.00955089979931989	0.83241767638386	95
-0.0573526275777798	1.60024583583954	41
0.00865935988269007	0.81924552539881	2
0.00955089979931989	0.83241767638386	2
0.0104431721773	0.815793584507306	2
0.00955089979931989	0.83241767638386	398
0.0104431721773	0.815793584507306	1872
0.00865935988269007	0.81924552539881	377
0.01290464881715	0.819952959798244	826
0.01290464881715	0.819952959798244	95
0.0104431721773	0.815793584507306	2
0.00955089979931989	0.83241767638386	434
-0.0632094779295001	1.58565268162194	57
0.00955089979931989	0.83241767638386	377
0.0104431721773	0.815793584507306	245
0.00955089979931989	0.83241767638386	106
0.00865935988269007	0.81924552539881	106
0.00955089979931989	0.83241767638386	403
0.00865935988269007	0.81924552539881	17
0.00865935988269007	0.81924552539881	1008
0.00955089979931989	0.83241767638386	403
0.00865935988269007	0.81924552539881	571
0.00865935988269007	0.81924552539881	571
0.00955089979931989	0.83241767638386	96
0.00865935988269007	0.81924552539881	809
0.00865935988269007	0.81924552539881	1568
0.00865935988269007	0.81924552539881	2
0.00865935988269007	0.81924552539881	2593
0.0120078983174698	0.82043550292207	2822
0.0120078983174698	0.82043550292207	808
0.00865935988269007	0.81924552539881	203
0.0120078983174698	0.82043550292207	17
0.00865935988269007	0.81924552539881	1472
0.0153880407236602	0.79655805473969	224
0.00955089979931989	0.83241767638386	106
0.00955089979931989	0.83241767638386	2258
0.00865935988269007	0.81924552539881	41
0.00955089979931989	0.83241767638386	1008
0.00865935988269007	0.81924552539881	808
0.00955089979931989	0.83241767638386	17
0.00955089979931989	0.83241767638386	224
0.00955089979931989	0.83241767638386	96
-0.0668718463896099	1.60815462428051	95
0.00865935988269007	0.81924552539881	1891
0.00865935988269007	0.81924552539881	1008
0.01290464881715	0.819952959798244	808
0.00865935988269007	0.81924552539881	106
0.00955089979931989	0.83241767638386	771
0.01290464881715	0.819952959798244	1008
0.00955089979931989	0.83241767638386	553
0.0104431721773	0.815793584507306	377
-0.0619881999518901	1.63429279551269	1690
0.00955089979931989	0.83241767638386	1472
0.0120078983174698	0.82043550292207	106
0.00955089979931989	0.83241767638386	73
0.00865935988269007	0.81924552539881	2774
0.00865935988269007	0.81924552539881	2374
0.0104431721773	0.815793584507306	2
0.0104431721773	0.815793584507306	1008
0.01290464881715	0.819952959798244	1008
0.00955089979931989	0.83241767638386	106
0.01290464881715	0.819952959798244	106
0.00955089979931989	0.83241767638386	880
0.00955089979931989	0.83241767638386	311
0.00955089979931989	0.83241767638386	1830
0.00955089979931989	0.83241767638386	771
0.0120078983174698	0.82043550292207	136
0.00955089979931989	0.83241767638386	2774
0.00865935988269007	0.81924552539881	10
0.00955089979931989	0.83241767638386	641
0.00865935988269007	0.81924552539881	1562
0.00865935988269007	0.81924552539881	106
0.00955089979931989	0.83241767638386	2258
0.00955089979931989	0.83241767638386	2258
0.00955089979931989	0.83241767638386	396
0.00955089979931989	0.83241767638386	192
0.01290464881715	0.819952959798244	27
0.00865935988269007	0.81924552539881	1051
0.00955089979931989	0.83241767638386	458
0.0104431721773	0.815793584507306	458
0.0104431721773	0.815793584507306	1830
0.00955089979931989	0.83241767638386	2374
0.00955089979931989	0.83241767638386	48
0.00955089979931989	0.83241767638386	48
0.0120078983174698	0.82043550292207	106
0.0104431721773	0.815793584507306	106
0.10748435792899	1.83148720717893	2647
0.0120078983174698	0.82043550292207	1700
0.01290464881715	0.819952959798244	10
0.00865935988269007	0.81924552539881	641
0.00955089979931989	0.83241767638386	12
0.01290464881715	0.819952959798244	2847
0.00865935988269007	0.81924552539881	1562
0.00955089979931989	0.83241767638386	1562
0.00955089979931989	0.83241767638386	257
0.00865935988269007	0.81924552539881	95
0.00955089979931989	0.83241767638386	1516
0.00955089979931989	0.83241767638386	12
0.01290464881715	0.819952959798244	106
-0.0537419606882201	1.5619989774082	396
0.0104431721773	0.815793584507306	2347
0.01290464881715	0.819952959798244	458
0.0104431721773	0.815793584507306	265
0.00955089979931989	0.83241767638386	265
0.00955089979931989	0.83241767638386	82
0.00955089979931989	0.83241767638386	777
0.00865935988269007	0.81924552539881	17
0.0104431721773	0.815793584507306	782
0.01290464881715	0.819952959798244	440
0.00955089979931989	0.83241767638386	561
0.0120078983174698	0.82043550292207	265
0.00955089979931989	0.83241767638386	1292
0.00865935988269007	0.81924552539881	777
0.0120078983174698	0.82043550292207	782
0.01290464881715	0.819952959798244	782
0.00865935988269007	0.81924552539881	257
0.01290464881715	0.819952959798244	597
0.00955089979931989	0.83241767638386	542
0.0104431721773	0.815793584507306	41
0.00865935988269007	0.81924552539881	440
0.0120078983174698	0.82043550292207	265
0.00955089979931989	0.83241767638386	265
0.00865935988269007	0.81924552539881	12
0.00865935988269007	0.81924552539881	48
0.00865935988269007	0.81924552539881	1640
0.00865935988269007	0.81924552539881	216
0.0104431721773	0.815793584507306	216
0.00955089979931989	0.83241767638386	17
-0.0647576667621901	1.61060572139247	41
0.00865935988269007	0.81924552539881	265
0.00955089979931989	0.83241767638386	82
0.01290464881715	0.819952959798244	48
0.0104431721773	0.815793584507306	216
0.00955089979931989	0.83241767638386	1440
0.00865935988269007	0.81924552539881	782
0.01290464881715	0.819952959798244	96
0.00865935988269007	0.81924552539881	360
0.01290464881715	0.819952959798244	2513
0.00955089979931989	0.83241767638386	2251
0.0120078983174698	0.82043550292207	17
0.00955089979931989	0.83241767638386	17
0.00955089979931989	0.83241767638386	257
-0.0652993516146601	1.59732779001407	396
0.00955089979931989	0.83241767638386	458
0.0104431721773	0.815793584507306	2623
0.0104431721773	0.815793584507306	1672
0.00955089979931989	0.83241767638386	1762
0.00865935988269007	0.81924552539881	82
0.00955089979931989	0.83241767638386	82
0.0120078983174698	0.82043550292207	12
0.00955089979931989	0.83241767638386	48
0.01290464881715	0.819952959798244	1292
0.00955089979931989	0.83241767638386	2509
0.00955089979931989	0.83241767638386	1440
0.00955089979931989	0.83241767638386	17
0.0104431721773	0.815793584507306	17
0.00955089979931989	0.83241767638386	458
0.0120078983174698	0.82043550292207	764
0.00955089979931989	0.83241767638386	265
0.00955089979931989	0.83241767638386	82
0.00865935988269007	0.81924552539881	1292
0.0104431721773	0.815793584507306	2912
0.0120078983174698	0.82043550292207	96
0.00955089979931989	0.83241767638386	2285
0.00955089979931989	0.83241767638386	41
0.00865935988269007	0.81924552539881	360
0.00955089979931989	0.83241767638386	1383
-0.0704953062009501	1.58545168149461	263
0.0120078983174698	0.82043550292207	396
0.00955089979931989	0.83241767638386	2691
0.00955089979931989	0.83241767638386	33
0.0104431721773	0.815793584507306	73
0.00955089979931989	0.83241767638386	73
0.00955089979931989	0.83241767638386	96
0.00955089979931989	0.83241767638386	96
0.00955089979931989	0.83241767638386	96
0.00955089979931989	0.83241767638386	2434
0.0104431721773	0.815793584507306	2663
0.0104431721773	0.815793584507306	584
0.0120078983174698	0.82043550292207	82
0.00865935988269007	0.81924552539881	82
0.00955089979931989	0.83241767638386	584
0.00865935988269007	0.81924552539881	1687
0.00865935988269007	0.81924552539881	1687
0.00955089979931989	0.83241767638386	1175
0.0104431721773	0.815793584507306	1175
0.00955089979931989	0.83241767638386	12
0.00955089979931989	0.83241767638386	48
0.00865935988269007	0.81924552539881	72
0.0120078983174698	0.82043550292207	1790
0.00955089979931989	0.83241767638386	216
0.00955089979931989	0.83241767638386	216
0.00955089979931989	0.83241767638386	216
0.00955089979931989	0.83241767638386	1684
0.01290464881715	0.819952959798244	72
0.00955089979931989	0.83241767638386	572
0.00865935988269007	0.81924552539881	1
0.00865935988269007	0.81924552539881	216
0.0104431721773	0.815793584507306	257
0.00865935988269007	0.81924552539881	41
0.00955089979931989	0.83241767638386	10
0.00955089979931989	0.83241767638386	1175
0.01290464881715	0.819952959798244	48
0.00955089979931989	0.83241767638386	666
0.00865935988269007	0.81924552539881	1
0.00955089979931989	0.83241767638386	1
0.0104431721773	0.815793584507306	1101
0.01290464881715	0.819952959798244	1101
0.00955089979931989	0.83241767638386	1564
0.01290464881715	0.819952959798244	1564
0.00865935988269007	0.81924552539881	666
0.00955089979931989	0.83241767638386	12
0.00955089979931989	0.83241767638386	2108
0.0104431721773	0.815793584507306	695
0.0104431721773	0.815793584507306	830
0.0120078983174698	0.82043550292207	1
0.00955089979931989	0.83241767638386	216
0.00865935988269007	0.81924552539881	800
0.01290464881715	0.819952959798244	1355
0.00955089979931989	0.83241767638386	12
0.00955089979931989	0.83241767638386	830
0.00955089979931989	0.83241767638386	590
0.0104431721773	0.815793584507306	2108
0.0104431721773	0.815793584507306	257
0.0104431721773	0.815793584507306	800
0.00865935988269007	0.81924552539881	1443
0.00955089979931989	0.83241767638386	12
0.00865935988269007	0.81924552539881	830
0.0104431721773	0.815793584507306	1389
0.00955089979931989	0.83241767638386	73
0.00955089979931989	0.83241767638386	41
0.0104431721773	0.815793584507306	41
0.0120078983174698	0.82043550292207	1148
0.00955089979931989	0.83241767638386	417
0.0120078983174698	0.82043550292207	12
0.00865935988269007	0.81924552539881	2004
0.0120078983174698	0.82043550292207	2004
0.0120078983174698	0.82043550292207	590
0.0120078983174698	0.82043550292207	1817
0.00955089979931989	0.83241767638386	257
0.00955089979931989	0.83241767638386	800
0.01290464881715	0.819952959798244	1
0.00865935988269007	0.81924552539881	590
0.00955089979931989	0.83241767638386	1148
0.0104431721773	0.815793584507306	1
0.00955089979931989	0.83241767638386	1
0.0104431721773	0.815793584507306	590
0.0104431721773	0.815793584507306	800
0.00955089979931989	0.83241767638386	41
0.00865935988269007	0.81924552539881	1
0.00865935988269007	0.81924552539881	1
0.0104431721773	0.815793584507306	590
0.00955089979931989	0.83241767638386	2192
0.00955089979931989	0.83241767638386	800
0.0120078983174698	0.82043550292207	926
0.0104431721773	0.815793584507306	534
0.0104431721773	0.815793584507306	534
0.00865935988269007	0.81924552539881	12
0.0120078983174698	0.82043550292207	72
0.00955089979931989	0.83241767638386	257
-0.05294662151679	1.55319320034732	922
0.00955089979931989	0.83241767638386	301
0.0120078983174698	0.82043550292207	136
0.00955089979931989	0.83241767638386	534
0.00955089979931989	0.83241767638386	1319
0.0120078983174698	0.82043550292207	1426
0.0104431721773	0.815793584507306	257
0.01290464881715	0.819952959798244	73
0.00955089979931989	0.83241767638386	534
0.01290464881715	0.819952959798244	1426
0.00955089979931989	0.83241767638386	596
0.00865935988269007	0.81924552539881	1
0.0104431721773	0.815793584507306	765
0.00955089979931989	0.83241767638386	1
0.0104431721773	0.815793584507306	1
0.0104431721773	0.815793584507306	590
-0.0668718463896099	1.60815462428051	136
0.0120078983174698	0.82043550292207	531
0.00865935988269007	0.81924552539881	394
0.0120078983174698	0.82043550292207	394
0.01290464881715	0.819952959798244	1319
0.00865935988269007	0.81924552539881	12
0.01290464881715	0.819952959798244	596
0.00955089979931989	0.83241767638386	1
0.00865935988269007	0.81924552539881	1
-0.0670762230992801	1.60526872005965	44
0.0104431721773	0.815793584507306	30
0.00955089979931989	0.83241767638386	1005
0.00955089979931989	0.83241767638386	394
0.0120078983174698	0.82043550292207	12
0.00865935988269007	0.81924552539881	12
0.00955089979931989	0.83241767638386	12
0.00955089979931989	0.83241767638386	1504
0.0104431721773	0.815793584507306	80
0.0104431721773	0.815793584507306	80
0.00955089979931989	0.83241767638386	394
0.00955089979931989	0.83241767638386	394
0.0120078983174698	0.82043550292207	12
0.00865935988269007	0.81924552539881	1748
0.00865935988269007	0.81924552539881	692
0.00955089979931989	0.83241767638386	1
0.00955089979931989	0.83241767638386	1214
-0.0580905557819	1.54005324896666	55
0.0120078983174698	0.82043550292207	2068
0.0104431721773	0.815793584507306	394
-0.0655298426459701	1.61418606099395	12
0.00955089979931989	0.83241767638386	692
-0.0660944340906302	1.60422517204978	55
0.01290464881715	0.819952959798244	1056
0.00955089979931989	0.83241767638386	2957
0.00955089979931989	0.83241767638386	80
0.00865935988269007	0.81924552539881	12
0.00865935988269007	0.81924552539881	1748
0.00955089979931989	0.83241767638386	1580
0.00865935988269007	0.81924552539881	829
0.0104431721773	0.815793584507306	1214
0.00955089979931989	0.83241767638386	73
0.00955089979931989	0.83241767638386	405
0.0120078983174698	0.82043550292207	30
0.0104431721773	0.815793584507306	2636
0.00955089979931989	0.83241767638386	10
0.00865935988269007	0.81924552539881	640
0.0104431721773	0.815793584507306	640
0.0104431721773	0.815793584507306	12
0.00865935988269007	0.81924552539881	1748
0.00865935988269007	0.81924552539881	1580
0.00865935988269007	0.81924552539881	829
0.0975181856913601	1.83177773095104	2505
-0.0625564893746802	1.62980199081178	2636
0.00955089979931989	0.83241767638386	44
0.00955089979931989	0.83241767638386	405
0.00865935988269007	0.81924552539881	351
0.00865935988269007	0.81924552539881	1580
0.00955089979931989	0.83241767638386	1
0.0104431721773	0.815793584507306	1214
0.01290464881715	0.819952959798244	2573
0.0104431721773	0.815793584507306	640
0.0120078983174698	0.82043550292207	351
0.0104431721773	0.815793584507306	351
0.0120078983174698	0.82043550292207	351
0.0153880407236602	0.79655805473969	742
0.0104431721773	0.815793584507306	1056
0.0104431721773	0.815793584507306	1056
0.0104431721773	0.815793584507306	2573
0.00865935988269007	0.81924552539881	10
0.0104431721773	0.815793584507306	640
0.00955089979931989	0.83241767638386	12
0.0104431721773	0.815793584507306	1
0.00955089979931989	0.83241767638386	1
0.01290464881715	0.819952959798244	13
0.0104431721773	0.815793584507306	44
0.0104431721773	0.815793584507306	2573
0.01290464881715	0.819952959798244	629
0.00955089979931989	0.83241767638386	10
0.01290464881715	0.819952959798244	640
0.00955089979931989	0.83241767638386	640
0.00865935988269007	0.81924552539881	239
0.00955089979931989	0.83241767638386	1
0.0104431721773	0.815793584507306	1662
0.00865935988269007	0.81924552539881	1
0.00865935988269007	0.81924552539881	13
0.00955089979931989	0.83241767638386	232
0.0104431721773	0.815793584507306	899
0.00955089979931989	0.83241767638386	12
0.00955089979931989	0.83241767638386	239
0.0120078983174698	0.82043550292207	239
0.0104431721773	0.815793584507306	209
0.00865935988269007	0.81924552539881	1
0.00865935988269007	0.81924552539881	232
0.0104431721773	0.815793584507306	232
0.0120078983174698	0.82043550292207	239
0.0104431721773	0.815793584507306	1662
0.00865935988269007	0.81924552539881	1662
0.00955089979931989	0.83241767638386	232
0.0104431721773	0.815793584507306	4
0.00955089979931989	0.83241767638386	12
0.0104431721773	0.815793584507306	12
0.00865935988269007	0.81924552539881	239
0.00865935988269007	0.81924552539881	209
0.0104431721773	0.815793584507306	209
0.0104431721773	0.815793584507306	2594
0.10241059423164	1.86497885641654	700
0.00865935988269007	0.81924552539881	232
0.0104431721773	0.815793584507306	12
0.00865935988269007	0.81924552539881	209
0.00955089979931989	0.83241767638386	619
0.00865935988269007	0.81924552539881	1
0.00955089979931989	0.83241767638386	1
0.0104431721773	0.815793584507306	1428
0.0104431721773	0.815793584507306	12
0.00955089979931989	0.83241767638386	952
0.00955089979931989	0.83241767638386	239
0.00955089979931989	0.83241767638386	209
0.00865935988269007	0.81924552539881	1
0.00865935988269007	0.81924552539881	1
0.0104431721773	0.815793584507306	1428
0.01290464881715	0.819952959798244	1428
0.0120078983174698	0.82043550292207	12
0.00865935988269007	0.81924552539881	239
0.01290464881715	0.819952959798244	1187
0.00865935988269007	0.81924552539881	44
0.00955089979931989	0.83241767638386	12
0.00865935988269007	0.81924552539881	160
0.0120078983174698	0.82043550292207	1892
0.00955089979931989	0.83241767638386	239
0.00865935988269007	0.81924552539881	1
0.00865935988269007	0.81924552539881	1662
0.00955089979931989	0.83241767638386	44
0.00955089979931989	0.83241767638386	309
0.01290464881715	0.819952959798244	330
0.00955089979931989	0.83241767638386	1892
0.0104431721773	0.815793584507306	102
0.00955089979931989	0.83241767638386	239
0.0104431721773	0.815793584507306	1
0.0104431721773	0.815793584507306	1
0.0104431721773	0.815793584507306	1662
0.0104431721773	0.815793584507306	2665
0.00955089979931989	0.83241767638386	12
0.01290464881715	0.819952959798244	952
0.0120078983174698	0.82043550292207	952
0.0120078983174698	0.82043550292207	1892
0.00955089979931989	0.83241767638386	308
0.00955089979931989	0.83241767638386	2670
0.00865935988269007	0.81924552539881	209
0.01290464881715	0.819952959798244	619
0.00865935988269007	0.81924552539881	1187
0.00955089979931989	0.83241767638386	73
-0.0676454237399899	1.60093606709538	2670
0.00955089979931989	0.83241767638386	2571
0.01290464881715	0.819952959798244	232
0.0998647416817899	1.88419178081051	236
0.0104431721773	0.815793584507306	2040
0.0120078983174698	0.82043550292207	209
0.00955089979931989	0.83241767638386	1187
0.00955089979931989	0.83241767638386	1187
0.00955089979931989	0.83241767638386	2320
0.0104431721773	0.815793584507306	1
0.00865935988269007	0.81924552539881	1651
0.0104431721773	0.815793584507306	262
0.0120078983174698	0.82043550292207	160
0.00955089979931989	0.83241767638386	160
0.00955089979931989	0.83241767638386	160
0.00955089979931989	0.83241767638386	102
0.0120078983174698	0.82043550292207	73
0.00955089979931989	0.83241767638386	236
0.00865935988269007	0.81924552539881	2073
0.00865935988269007	0.81924552539881	2073
0.00865935988269007	0.81924552539881	2073
0.0104431721773	0.815793584507306	1187
0.00955089979931989	0.83241767638386	1413
0.0104431721773	0.815793584507306	1413
0.0104431721773	0.815793584507306	1380
0.00955089979931989	0.83241767638386	73
0.01290464881715	0.819952959798244	160
0.00955089979931989	0.83241767638386	2547
0.0104431721773	0.815793584507306	308
0.10671068638632	1.82830440064464	557
0.00865935988269007	0.81924552539881	2051
0.00955089979931989	0.83241767638386	236
0.00955089979931989	0.83241767638386	102
0.00865935988269007	0.81924552539881	2365
0.0104431721773	0.815793584507306	786
0.00955089979931989	0.83241767638386	313
0.0104431721773	0.815793584507306	1391
0.00865935988269007	0.81924552539881	236
0.0104431721773	0.815793584507306	2233
0.00865935988269007	0.81924552539881	2365
0.01290464881715	0.819952959798244	313
0.00955089979931989	0.83241767638386	313
0.00955089979931989	0.83241767638386	1287
0.00865935988269007	0.81924552539881	49
0.00865935988269007	0.81924552539881	236
0.0104431721773	0.815793584507306	2233
0.0104431721773	0.815793584507306	2365
0.00865935988269007	0.81924552539881	1903
0.00955089979931989	0.83241767638386	1
0.0120078983174698	0.82043550292207	160
0.00955089979931989	0.83241767638386	1391
0.01290464881715	0.819952959798244	2072
0.0120078983174698	0.82043550292207	308
0.00865935988269007	0.81924552539881	1901
0.0120078983174698	0.82043550292207	12
0.0104431721773	0.815793584507306	209
0.0104431721773	0.815793584507306	308
0.00955089979931989	0.83241767638386	1167
0.00955089979931989	0.83241767638386	2059
0.0104431721773	0.815793584507306	209
0.00955089979931989	0.83241767638386	624
0.00955089979931989	0.83241767638386	258
0.00955089979931989	0.83241767638386	258
0.0104431721773	0.815793584507306	1329
0.00865935988269007	0.81924552539881	258
0.0932347386456001	1.84413368922812	236
0.00955089979931989	0.83241767638386	1329
0.00955089979931989	0.83241767638386	1900
0.0104431721773	0.815793584507306	236
0.0104431721773	0.815793584507306	517
0.0120078983174698	0.82043550292207	308
0.0153880407236602	0.79655805473969	362
0.0120078983174698	0.82043550292207	49
0.00865935988269007	0.81924552539881	1167
0.0120078983174698	0.82043550292207	236
0.01290464881715	0.819952959798244	1803
0.00865935988269007	0.81924552539881	517
0.00865935988269007	0.81924552539881	102
0.0104431721773	0.815793584507306	854
0.00865935988269007	0.81924552539881	49
0.00955089979931989	0.83241767638386	49
0.00955089979931989	0.83241767638386	1167
0.00955089979931989	0.83241767638386	643
0.00955089979931989	0.83241767638386	517
0.0104431721773	0.815793584507306	517
0.0153880407236602	0.79655805473969	517
0.00955089979931989	0.83241767638386	12
0.0104431721773	0.815793584507306	1964
0.00955089979931989	0.83241767638386	24
0.00865935988269007	0.81924552539881	236
0.00865935988269007	0.81924552539881	236
0.0120078983174698	0.82043550292207	65
0.01290464881715	0.819952959798244	2289
0.01290464881715	0.819952959798244	2097
0.0120078983174698	0.82043550292207	840
0.0104431721773	0.815793584507306	986
0.00865935988269007	0.81924552539881	258
0.00955089979931989	0.83241767638386	1985
0.00955089979931989	0.83241767638386	459
0.00955089979931989	0.83241767638386	49
0.00955089979931989	0.83241767638386	49
0.00955089979931989	0.83241767638386	643
0.00865935988269007	0.81924552539881	24
0.0104431721773	0.815793584507306	2289
0.0104431721773	0.815793584507306	2097
0.00955089979931989	0.83241767638386	302
0.00865935988269007	0.81924552539881	302
0.00955089979931989	0.83241767638386	236
0.0153880407236602	0.79655805473969	2651
0.00955089979931989	0.83241767638386	2651
0.00955089979931989	0.83241767638386	2854
0.0120078983174698	0.82043550292207	258
0.00955089979931989	0.83241767638386	308
0.00955089979931989	0.83241767638386	258
0.0120078983174698	0.82043550292207	1985
0.00955089979931989	0.83241767638386	600
0.00955089979931989	0.83241767638386	600
0.0120078983174698	0.82043550292207	302
0.0104431721773	0.815793584507306	763
0.00865935988269007	0.81924552539881	258
0.00865935988269007	0.81924552539881	300
0.00955089979931989	0.83241767638386	600
0.0104431721773	0.815793584507306	236
0.00865935988269007	0.81924552539881	2386
0.00955089979931989	0.83241767638386	717
0.00955089979931989	0.83241767638386	2862
0.00955089979931989	0.83241767638386	302
0.00865935988269007	0.81924552539881	258
0.00865935988269007	0.81924552539881	717
0.00865935988269007	0.81924552539881	236
0.00955089979931989	0.83241767638386	20
0.00955089979931989	0.83241767638386	258
0.01290464881715	0.819952959798244	258
0.0104431721773	0.815793584507306	145
0.00955089979931989	0.83241767638386	717
0.00865935988269007	0.81924552539881	706
0.00955089979931989	0.83241767638386	1048
0.0104431721773	0.815793584507306	976
0.0104431721773	0.815793584507306	1283
0.00955089979931989	0.83241767638386	706
0.00865935988269007	0.81924552539881	258
0.00955089979931989	0.83241767638386	1312
0.0104431721773	0.815793584507306	1542
0.0104431721773	0.815793584507306	300
0.0120078983174698	0.82043550292207	300
0.00955089979931989	0.83241767638386	20
0.00955089979931989	0.83241767638386	20
0.01290464881715	0.819952959798244	1048
0.00955089979931989	0.83241767638386	302
0.0104431721773	0.815793584507306	49
0.00955089979931989	0.83241767638386	976
0.0120078983174698	0.82043550292207	976
0.0153880407236602	0.79655805473969	600
0.00955089979931989	0.83241767638386	706
0.00865935988269007	0.81924552539881	302
0.00955089979931989	0.83241767638386	258
0.00955089979931989	0.83241767638386	1153
0.0104431721773	0.815793584507306	258
0.00955089979931989	0.83241767638386	258
0.00955089979931989	0.83241767638386	996
0.00865935988269007	0.81924552539881	976
0.01290464881715	0.819952959798244	2786
0.00955089979931989	0.83241767638386	236
0.01290464881715	0.819952959798244	24
0.00955089979931989	0.83241767638386	20
0.00865935988269007	0.81924552539881	1345
0.00865935988269007	0.81924552539881	20
0.00955089979931989	0.83241767638386	706
0.00865935988269007	0.81924552539881	848
0.00865935988269007	0.81924552539881	1153
0.00865935988269007	0.81924552539881	141
0.00865935988269007	0.81924552539881	1553
0.00955089979931989	0.83241767638386	999
0.01290464881715	0.819952959798244	996
0.00955089979931989	0.83241767638386	49
0.00865935988269007	0.81924552539881	49
0.00955089979931989	0.83241767638386	976
0.00955089979931989	0.83241767638386	20
0.0104431721773	0.815793584507306	848
0.00865935988269007	0.81924552539881	1683
0.0104431721773	0.815793584507306	258
0.00955089979931989	0.83241767638386	163
0.00955089979931989	0.83241767638386	163
0.0104431721773	0.815793584507306	1858
0.0120078983174698	0.82043550292207	49
-0.06277758691812	1.62886934445178	300
0.0120078983174698	0.82043550292207	20
0.00955089979931989	0.83241767638386	883
0.01290464881715	0.819952959798244	2060
0.00955089979931989	0.83241767638386	20
-0.0581486209400799	1.6044678837309	1461
0.0104431721773	0.815793584507306	848
0.01290464881715	0.819952959798244	20
0.0104431721773	0.815793584507306	50
0.00955089979931989	0.83241767638386	20
0.00955089979931989	0.83241767638386	1461
0.0955622774329501	1.85799117485014	587
0.00955089979931989	0.83241767638386	1499
0.00955089979931989	0.83241767638386	236
0.00955089979931989	0.83241767638386	587
-0.0589448036201499	1.60174026738658	258
0.00865935988269007	0.81924552539881	300
0.0104431721773	0.815793584507306	300
0.10593679211575	1.81607496092784	236
-0.0619881999518901	1.63429279551269	1461
0.0104431721773	0.815793584507306	258
0.00955089979931989	0.83241767638386	161
0.01290464881715	0.819952959798244	258
0.00865935988269007	0.81924552539881	258
0.0120078983174698	0.82043550292207	49
0.0953551512561099	1.86430124021778	20
0.0104431721773	0.815793584507306	258
0.00865935988269007	0.81924552539881	20
0.0104431721773	0.815793584507306	20
0.00955089979931989	0.83241767638386	258
0.0104431721773	0.815793584507306	161
-0.0660989431507901	1.6098048909121	300
0.00865935988269007	0.81924552539881	20
0.0988833315256201	1.89177533015055	2638
0.0104431721773	0.815793584507306	20
0.00955089979931989	0.83241767638386	848
0.0120078983174698	0.82043550292207	147
0.00865935988269007	0.81924552539881	258
0.00955089979931989	0.83241767638386	770
0.00865935988269007	0.81924552539881	1482
0.0104431721773	0.815793584507306	49
0.00865935988269007	0.81924552539881	852
0.01290464881715	0.819952959798244	852
-0.0670762230992801	1.60526872005965	20
0.0120078983174698	0.82043550292207	20
0.00955089979931989	0.83241767638386	258
0.00955089979931989	0.83241767638386	1482
0.00865935988269007	0.81924552539881	300
-0.0660989431507901	1.6098048909121	20
0.00865935988269007	0.81924552539881	64
0.00955089979931989	0.83241767638386	848
0.00955089979931989	0.83241767638386	49
0.0104431721773	0.815793584507306	64
0.00955089979931989	0.83241767638386	147
0.00955089979931989	0.83241767638386	258
0.0120078983174698	0.82043550292207	1607
0.01290464881715	0.819952959798244	300
0.00865935988269007	0.81924552539881	300
0.01290464881715	0.819952959798244	1607
0.00865935988269007	0.81924552539881	916
0.00955089979931989	0.83241767638386	147
0.00955089979931989	0.83241767638386	2966
0.00955089979931989	0.83241767638386	2966
0.00865935988269007	0.81924552539881	1713
-0.0625564893746802	1.62980199081178	325
0.00955089979931989	0.83241767638386	340
0.00955089979931989	0.83241767638386	161
0.00955089979931989	0.83241767638386	381
0.01290464881715	0.819952959798244	258
0.01290464881715	0.819952959798244	381
0.00865935988269007	0.81924552539881	2966
-0.0668897042137102	1.60507964858925	155
0.00865935988269007	0.81924552539881	340
0.00865935988269007	0.81924552539881	2734
-0.0617598940096502	1.62890294646375	198
0.0104431721773	0.815793584507306	49
0.00865935988269007	0.81924552539881	916
0.0104431721773	0.815793584507306	325
-0.0617598940096502	1.62890294646375	325
0.00955089979931989	0.83241767638386	1392
0.01290464881715	0.819952959798244	258
0.00955089979931989	0.83241767638386	258
0.00865935988269007	0.81924552539881	258
0.00955089979931989	0.83241767638386	300
0.00955089979931989	0.83241767638386	198
0.00955089979931989	0.83241767638386	49
0.01290464881715	0.819952959798244	2929
0.0153880407236602	0.79655805473969	49
0.00955089979931989	0.83241767638386	669
0.09457929226327	1.85985008884774	290
0.00865935988269007	0.81924552539881	135
0.00865935988269007	0.81924552539881	1610
0.00955089979931989	0.83241767638386	155
0.01290464881715	0.819952959798244	258
-0.0635503658725098	1.61582692541122	49
0.0104431721773	0.815793584507306	1029
0.0120078983174698	0.82043550292207	1029
0.0153880407236602	0.79655805473969	397
0.0120078983174698	0.82043550292207	2664
0.00955089979931989	0.83241767638386	325
-0.0660989431507901	1.6098048909121	325
0.0104431721773	0.815793584507306	2664
-0.0521514834485299	1.52934068977503	300
0.0104431721773	0.815793584507306	64
0.0120078983174698	0.82043550292207	552
0.00865935988269007	0.81924552539881	884
0.00955089979931989	0.83241767638386	161
0.09908985203593	1.88848838804149	50
0.10261647349206	1.86608969344346	577
0.00955089979931989	0.83241767638386	1906
0.00955089979931989	0.83241767638386	1491
0.0120078983174698	0.82043550292207	49
0.01290464881715	0.819952959798244	1241
0.00955089979931989	0.83241767638386	1308
0.00955089979931989	0.83241767638386	1491
-0.0633465342130899	1.62440850808029	40
0.0120078983174698	0.82043550292207	552
0.00865935988269007	0.81924552539881	1634
0.0104431721773	0.815793584507306	258
0.00955089979931989	0.83241767638386	392
0.0120078983174698	0.82043550292207	552
0.0104431721773	0.815793584507306	1483
0.00955089979931989	0.83241767638386	2439
0.00955089979931989	0.83241767638386	2308
0.00955089979931989	0.83241767638386	361
0.01290464881715	0.819952959798244	552
0.0120078983174698	0.82043550292207	392
0.00955089979931989	0.83241767638386	210
0.00955089979931989	0.83241767638386	1483
0.0120078983174698	0.82043550292207	258
0.00955089979931989	0.83241767638386	361
0.00955089979931989	0.83241767638386	258
0.00955089979931989	0.83241767638386	146
0.00955089979931989	0.83241767638386	548
0.01290464881715	0.819952959798244	1910
0.09908985203593	1.88848838804149	49
0.00955089979931989	0.83241767638386	74
0.0104431721773	0.815793584507306	548
0.01290464881715	0.819952959798244	2932
0.00955089979931989	0.83241767638386	884
0.00955089979931989	0.83241767638386	64
0.00955089979931989	0.83241767638386	210
0.00865935988269007	0.81924552539881	161
0.00865935988269007	0.81924552539881	258
0.00955089979931989	0.83241767638386	2141
0.0120078983174698	0.82043550292207	392
0.00865935988269007	0.81924552539881	56
0.0120078983174698	0.82043550292207	361
0.01290464881715	0.819952959798244	161
0.0104431721773	0.815793584507306	1627
0.00955089979931989	0.83241767638386	215
0.00865935988269007	0.81924552539881	1116
0.01290464881715	0.819952959798244	1098
0.00865935988269007	0.81924552539881	210
0.0104431721773	0.815793584507306	182
0.00955089979931989	0.83241767638386	182
0.00955089979931989	0.83241767638386	1294
0.00865935988269007	0.81924552539881	2510
-0.0619881999518901	1.63429279551269	28
0.09322366223331	1.84855397036034	231
0.01290464881715	0.819952959798244	2134
-0.0609634799989598	1.62175660113405	56
0.0104431721773	0.815793584507306	367
0.00955089979931989	0.83241767638386	146
0.0104431721773	0.815793584507306	243
0.0104431721773	0.815793584507306	56
0.0104431721773	0.815793584507306	1166
0.00955089979931989	0.83241767638386	64
0.00955089979931989	0.83241767638386	91
0.00955089979931989	0.83241767638386	723
-0.0597411738322902	1.59111649971097	266
0.0120078983174698	0.82043550292207	1560
0.00865935988269007	0.81924552539881	56
0.01290464881715	0.819952959798244	103
0.01290464881715	0.819952959798244	64
0.00955089979931989	0.83241767638386	182
0.0104431721773	0.815793584507306	91
0.00955089979931989	0.83241767638386	1446
0.0104431721773	0.815793584507306	91
0.00865935988269007	0.81924552539881	91
0.00955089979931989	0.83241767638386	2699
0.01290464881715	0.819952959798244	667
0.01290464881715	0.819952959798244	91
0.00865935988269007	0.81924552539881	2183
0.00955089979931989	0.83241767638386	1250
0.0120078983174698	0.82043550292207	667
0.00865935988269007	0.81924552539881	64
0.00955089979931989	0.83241767638386	91
0.00955089979931989	0.83241767638386	91
0.01290464881715	0.819952959798244	2739
0.0120078983174698	0.82043550292207	243
0.0120078983174698	0.82043550292207	56
0.00955089979931989	0.83241767638386	2164
0.00955089979931989	0.83241767638386	56
0.00865935988269007	0.81924552539881	392
0.00955089979931989	0.83241767638386	91
0.00865935988269007	0.81924552539881	392
0.0104431721773	0.815793584507306	2794
0.00865935988269007	0.81924552539881	795
0.00865935988269007	0.81924552539881	49
0.01290464881715	0.819952959798244	1043
0.0104431721773	0.815793584507306	1043
0.00955089979931989	0.83241767638386	56
0.00865935988269007	0.81924552539881	1043
0.00955089979931989	0.83241767638386	64
0.0104431721773	0.815793584507306	64
0.00955089979931989	0.83241767638386	960
0.0104431721773	0.815793584507306	243
0.00955089979931989	0.83241767638386	64
0.00955089979931989	0.83241767638386	49
0.00955089979931989	0.83241767638386	2753
0.0104431721773	0.815793584507306	243
0.00955089979931989	0.83241767638386	243
0.00955089979931989	0.83241767638386	90
0.00955089979931989	0.83241767638386	911
0.00865935988269007	0.81924552539881	243
0.00955089979931989	0.83241767638386	2381
0.00955089979931989	0.83241767638386	91
0.01290464881715	0.819952959798244	886
0.00955089979931989	0.83241767638386	243
-0.0619881999518901	1.63429279551269	56
0.0104431721773	0.815793584507306	206
0.00955089979931989	0.83241767638386	64
0.00955089979931989	0.83241767638386	91
0.00955089979931989	0.83241767638386	886
0.0120078983174698	0.82043550292207	64
0.00955089979931989	0.83241767638386	1860
-0.0611915911412302	1.63338588985451	49
0.10473350655181	1.86205856275437	206
0.00955089979931989	0.83241767638386	890
0.00865935988269007	0.81924552539881	890
0.0104431721773	0.815793584507306	2443
0.00955089979931989	0.83241767638386	337
0.00865935988269007	0.81924552539881	305
0.00955089979931989	0.83241767638386	750
0.00865935988269007	0.81924552539881	750
0.00865935988269007	0.81924552539881	156
0.00955089979931989	0.83241767638386	90
0.00865935988269007	0.81924552539881	91
0.00865935988269007	0.81924552539881	1445
0.0104431721773	0.815793584507306	1445
0.0120078983174698	0.82043550292207	337
0.00865935988269007	0.81924552539881	206
0.0120078983174698	0.82043550292207	91
0.0104431721773	0.815793584507306	337
0.0104431721773	0.815793584507306	56
0.00865935988269007	0.81924552539881	91
0.0120078983174698	0.82043550292207	1445
0.0104431721773	0.815793584507306	337
0.0104431721773	0.815793584507306	891
0.0104431721773	0.815793584507306	90
0.0104431721773	0.815793584507306	404
0.0104431721773	0.815793584507306	295
0.0120078983174698	0.82043550292207	16
0.01290464881715	0.819952959798244	1268
0.0104431721773	0.815793584507306	28
0.00955089979931989	0.83241767638386	1324
0.00955089979931989	0.83241767638386	305
0.0104431721773	0.815793584507306	305
0.01290464881715	0.819952959798244	90
0.00955089979931989	0.83241767638386	244
0.00865935988269007	0.81924552539881	295
0.0153880407236602	0.79655805473969	305
0.10339076579638	1.86510951295251	56
0.00865935988269007	0.81924552539881	90
0.0120078983174698	0.82043550292207	53
0.01290464881715	0.819952959798244	295
0.0104431721773	0.815793584507306	305
0.00955089979931989	0.83241767638386	646
0.00955089979931989	0.83241767638386	1277
0.00865935988269007	0.81924552539881	1024
0.00955089979931989	0.83241767638386	646
0.01290464881715	0.819952959798244	2237
0.00955089979931989	0.83241767638386	591
0.00955089979931989	0.83241767638386	53
-0.0573526275777798	1.60024583583954	53
-0.0670762230992801	1.60526872005965	28
0.01290464881715	0.819952959798244	850
0.0104431721773	0.815793584507306	2237
0.00955089979931989	0.83241767638386	295
0.0104431721773	0.815793584507306	1529
0.00955089979931989	0.83241767638386	2557
0.0104431721773	0.815793584507306	188
0.01290464881715	0.819952959798244	2078
0.00865935988269007	0.81924552539881	295
0.00955089979931989	0.83241767638386	544
0.00955089979931989	0.83241767638386	2580
0.0104431721773	0.815793584507306	2580
0.00865935988269007	0.81924552539881	2085
0.00955089979931989	0.83241767638386	295
0.0104431721773	0.815793584507306	2580
0.00865935988269007	0.81924552539881	90
0.01290464881715	0.819952959798244	789
0.00865935988269007	0.81924552539881	53
0.0104431721773	0.815793584507306	53
0.0104431721773	0.815793584507306	188
0.0104431721773	0.815793584507306	544
0.0104431721773	0.815793584507306	2580
0.00955089979931989	0.83241767638386	544
0.00955089979931989	0.83241767638386	234
0.00865935988269007	0.81924552539881	544
0.00955089979931989	0.83241767638386	2943
0.00955089979931989	0.83241767638386	1393
0.0988833315256201	1.89177533015055	66
-0.0619881999518901	1.63429279551269	49
0.10086091967787	1.8164350115758	604
0.00865935988269007	0.81924552539881	99
0.00955089979931989	0.83241767638386	16
0.00955089979931989	0.83241767638386	206
0.01290464881715	0.819952959798244	1307
0.00955089979931989	0.83241767638386	423
0.01290464881715	0.819952959798244	359
0.09613081360183	1.86319188033887	206
0.00955089979931989	0.83241767638386	2234
0.00865935988269007	0.81924552539881	760
0.0153880407236602	0.79655805473969	2234
0.0104431721773	0.815793584507306	366
0.00865935988269007	0.81924552539881	193
0.00955089979931989	0.83241767638386	53
0.0104431721773	0.815793584507306	53
-0.0547648365490199	1.55888956852341	720
0.00955089979931989	0.83241767638386	278
0.0104431721773	0.815793584507306	16
-0.0575802637318299	1.60878980361607	19
0.09554492667819	1.85505875206212	254
0.0104431721773	0.815793584507306	278
0.00955089979931989	0.83241767638386	484
0.00955089979931989	0.83241767638386	19
0.0120078983174698	0.82043550292207	34
0.00865935988269007	0.81924552539881	484
0.00865935988269007	0.81924552539881	193
-0.0601672491013301	1.60720034780508	19
-0.0676454237399899	1.60093606709538	527
0.10043334171504	1.8895424483039	19
0.00955089979931989	0.83241767638386	19
0.00865935988269007	0.81924552539881	16
0.00955089979931989	0.83241767638386	512
0.09401078043842	1.85466519574555	19
0.00865935988269007	0.81924552539881	2317
0.00865935988269007	0.81924552539881	34
0.00865935988269007	0.81924552539881	823
0.00955089979931989	0.83241767638386	823
0.00955089979931989	0.83241767638386	260
-0.0641193633557902	1.61144290064419	724
0.00955089979931989	0.83241767638386	193
0.0104431721773	0.815793584507306	34
0.00955089979931989	0.83241767638386	260
0.00955089979931989	0.83241767638386	19
0.00865935988269007	0.81924552539881	184
0.00865935988269007	0.81924552539881	193
0.00865935988269007	0.81924552539881	260
-0.0599694132024302	1.56888429435394	2884
0.00865935988269007	0.81924552539881	504
0.00955089979931989	0.83241767638386	184
0.0104431721773	0.815793584507306	184
0.00865935988269007	0.81924552539881	184
0.0120078983174698	0.82043550292207	1841
0.01290464881715	0.819952959798244	2693
0.00955089979931989	0.83241767638386	184
0.00865935988269007	0.81924552539881	2693
0.00955089979931989	0.83241767638386	89
0.0104431721773	0.815793584507306	1841
0.00955089979931989	0.83241767638386	184
0.10043334171504	1.8895424483039	193
0.00865935988269007	0.81924552539881	2257
0.00955089979931989	0.83241767638386	193
0.01290464881715	0.819952959798244	1407
0.00865935988269007	0.81924552539881	193
0.00865935988269007	0.81924552539881	75
0.00955089979931989	0.83241767638386	355
0.0120078983174698	0.82043550292207	193
0.00865935988269007	0.81924552539881	2351
0.01290464881715	0.819952959798244	75
0.00865935988269007	0.81924552539881	355
-0.0619881999518901	1.63429279551269	193
0.00865935988269007	0.81924552539881	538
0.00955089979931989	0.83241767638386	355
0.00955089979931989	0.83241767638386	1105
-0.0625564893746802	1.62980199081178	58
0.00865935988269007	0.81924552539881	2066
0.0983147560611202	1.88640556966264	592
0.00955089979931989	0.83241767638386	592
0.00865935988269007	0.81924552539881	29
-0.0633465342130899	1.62440850808029	75
0.00865935988269007	0.81924552539881	1318
0.00865935988269007	0.81924552539881	19
0.0120078983174698	0.82043550292207	2066
0.0120078983174698	0.82043550292207	193
0.01290464881715	0.819952959798244	538
0.00865935988269007	0.81924552539881	193
0.00955089979931989	0.83241767638386	2075
0.00955089979931989	0.83241767638386	424
0.00865935988269007	0.81924552539881	19
0.00955089979931989	0.83241767638386	19
0.00955089979931989	0.83241767638386	193
0.00865935988269007	0.81924552539881	2813
0.00955089979931989	0.83241767638386	19
0.01290464881715	0.819952959798244	2813
-0.0670762230992801	1.60526872005965	19
0.00865935988269007	0.81924552539881	193
0.00865935988269007	0.81924552539881	19
0.0120078983174698	0.82043550292207	818
-0.0676851602085602	1.59983875259527	2979
-0.06277758691812	1.62886934445178	19
0.00955089979931989	0.83241767638386	193
0.00955089979931989	0.83241767638386	32
0.00955089979931989	0.83241767638386	2673
-0.0639861712926599	1.60151887702266	19
0.10318511337009	1.87131611505574	29
-0.0603951636689701	1.62619319934204	391
0.00865935988269007	0.81924552539881	120
0.00955089979931989	0.83241767638386	19
0.00955089979931989	0.83241767638386	2675
0.0120078983174698	0.82043550292207	193
0.00955089979931989	0.83241767638386	193
0.10198251968363	1.85903182291994	193
0.00955089979931989	0.83241767638386	1590
0.00955089979931989	0.83241767638386	784
0.0104431721773	0.815793584507306	179
0.00865935988269007	0.81924552539881	179
0.00955089979931989	0.83241767638386	2632
0.00955089979931989	0.83241767638386	193
0.10163586241473	1.84983230817527	395
0.00865935988269007	0.81924552539881	1077
0.0153880407236602	0.79655805473969	29
0.00955089979931989	0.83241767638386	19
0.00865935988269007	0.81924552539881	2906
0.00955089979931989	0.83241767638386	356
-0.0591728437158601	1.59536235744558	132
-0.0625564893746802	1.62980199081178	193
0.00955089979931989	0.83241767638386	31
-0.0633465342130899	1.62440850808029	193
-0.0668718463896099	1.60815462428051	31
0.00955089979931989	0.83241767638386	2208
0.00955089979931989	0.83241767638386	31
0.01290464881715	0.819952959798244	29
0.0120078983174698	0.82043550292207	29
0.0153880407236602	0.79655805473969	54
0.00955089979931989	0.83241767638386	128
0.01290464881715	0.819952959798244	128
0.0120078983174698	0.82043550292207	128
0.00955089979931989	0.83241767638386	2102
0.0104431721773	0.815793584507306	2102
0.00955089979931989	0.83241767638386	29
0.0120078983174698	0.82043550292207	128
0.0104431721773	0.815793584507306	128
0.0120078983174698	0.82043550292207	128
0.00955089979931989	0.83241767638386	1765
0.00865935988269007	0.81924552539881	128
0.00955089979931989	0.83241767638386	54
0.0104431721773	0.815793584507306	391
0.00865935988269007	0.81924552539881	2540
0.00955089979931989	0.83241767638386	1085
0.0104431721773	0.815793584507306	29
0.00955089979931989	0.83241767638386	1433
0.01290464881715	0.819952959798244	128
0.0120078983174698	0.82043550292207	998
0.0120078983174698	0.82043550292207	128
0.01290464881715	0.819952959798244	128
0.00955089979931989	0.83241767638386	128
0.0120078983174698	0.82043550292207	128
0.00955089979931989	0.83241767638386	2350
0.00955089979931989	0.83241767638386	1477
0.00955089979931989	0.83241767638386	1695
0.00955089979931989	0.83241767638386	1954
0.00865935988269007	0.81924552539881	128
0.0104431721773	0.815793584507306	14
0.00955089979931989	0.83241767638386	1301
0.09401078043842	1.85466519574555	100
0.0104431721773	0.815793584507306	551
0.00955089979931989	0.83241767638386	1399
0.0120078983174698	0.82043550292207	1399
0.10339076579638	1.86510951295251	551
-0.0588846960201299	1.54060385625875	67
-0.06277758691812	1.62886934445178	31
0.0953551512561099	1.86430124021778	14
-0.05837645996592	1.60604789328487	67
0.00955089979931989	0.83241767638386	62
0.00955089979931989	0.83241767638386	329
0.00865935988269007	0.81924552539881	2991
-0.0553332350138902	1.55487064796865	67
-0.0635503658725098	1.61582692541122	62
0.0120078983174698	0.82043550292207	2760
-0.0619881999518901	1.63429279551269	2760
0.00955089979931989	0.83241767638386	83
-0.0676851602085602	1.59983875259527	162
0.0988833315256201	1.89177533015055	2928
-0.0704953062009501	1.58545168149461	162
0.0120078983174698	0.82043550292207	62
0.00955089979931989	0.83241767638386	2000
0.00955089979931989	0.83241767638386	563
0.00955089979931989	0.83241767638386	783
0.0120078983174698	0.82043550292207	2395
0.0104431721773	0.815793584507306	2395
0.0120078983174698	0.82043550292207	2395
0.10241059423164	1.86497885641654	62
0.0120078983174698	0.82043550292207	62
0.00865935988269007	0.81924552539881	1354
