x	y	showSelected1
2.8733206018154	2	1
2.49692964807322	0	2
2.24551266781415	0	3
2.27875360095283	1	4
1.91381385238372	1	5
3.07700432679335	2	6
1.55630250076729	0	7
2.72997428569956	1	8
1.51851393987789	0	9
2.73639650227664	0	10
3.73303668293358	2.8073549220576	11
3.18269990333604	2	12
3.07700432679335	2	13
3.17868923977559	2	14
1.67209785793572	1	15
3.1274287778516	1.58496250072116	16
3.12123145514962	1.58496250072116	17
2.49692964807322	1	18
3.93475087466358	3.16992500144231	19
2.69635638873333	1	20
1.7160033436348	0	21
1.54406804435028	0	22
3.10105935490812	2	23
3.01661554755718	2	24
3.62283547952152	1.58496250072116	25
2.12710479836481	0	26
3.23954972084047	2	27
3.38881141347352	2.32192809488736	28
4.07863803836967	3.16992500144231	29
2.96425963019685	1	30
3.83435711271841	3.32192809488736	31
3.02036128264771	1.58496250072116	32
3.23779499327392	2	33
2.45024910831936	0	34
3.6098077693287	2.58496250072116	35
2.32428245529769	1	36
2.80685802951882	1	37
2.43616264704076	1	38
1.57978359661681	1	39
2.38201704257487	1	40
2.94596070357757	2	41
2.55750720190566	0	42
2.79865064544527	2	43
2.80071707828239	1	44
3.69275881815472	2.32192809488736	45
2.51454775266029	1	46
2.9804578922761	2	47
1.84509804001426	1	48
3.73838412351216	3.16992500144231	49
2.91907809237607	1.58496250072116	50
2.45788189673399	1	51
2.42651126136458	0	52
2.24303804868629	1	53
3.69983772586725	2.58496250072116	54
3.82827311205207	2.8073549220576	55
3.2043913319193	1.58496250072116	56
2.95230800966213	2	57
2.05690485133647	0	58
2.61489721603313	1.58496250072116	59
1.17609125905568	0	60
2.11394335230684	1	61
4.07342505674598	3.4594316186373	62
3.16405529189345	1	63
3.14332712999205	1	64
2.72509452108147	1	65
2.12710479836481	1	66
3.02734960777476	1.58496250072116	67
2.06069784035361	0	68
2.57634135020579	1.58496250072116	69
2.03742649794062	1.58496250072116	70
3.02530586526477	2	71
2.72997428569956	0	72
3.6456187382427	2.58496250072116	73
2.55266821611219	0	74
2.20139712432045	1	75
1.85125834871908	0	76
1.64345267648619	0	77
1.38021124171161	1	78
2.11058971029925	1	79
2.05690485133647	2	80
2.66838591669	1	81
1.7481880270062	1	82
2.80277372529198	0	83
2.63144376901317	1	84
1.92941892571429	0	85
2.86033800657099	1	86
2.33243845991561	0	87
3.02816441942447	1	88
2.13353890837022	1	89
2.67760695272049	2	90
2.49415459401844	0	91
1.69897000433602	1	92
2.20951501454263	1	93
2.48429983934679	1	94
2.61384182187607	1	95
2.26717172840301	1	96
1.83250891270624	0	97
1.84509804001426	0	98
2.00432137378264	0	99
2.8668778143375	1	100
1.55630250076729	0	101
2.11058971029925	1	102
1.9731278535997	1	103
1.39794000867204	0	104
1.46239799789896	0	105
1.7481880270062	0	106
1.04139268515822	0	107
2.65609820201283	1	108
2.74663419893758	0	109
2.04532297878666	1	110
3.20085049809108	2	111
1.14612803567824	0	112
1.78532983501077	0	113
2.26951294421792	1	114
2.36172783601759	1	115
1.79934054945358	0	116
2.88138465677057	1	117
2.27875360095283	2	118
1.39794000867204	1	119
2.5327543789925	1.58496250072116	120
2.21748394421391	0	121
1.79934054945358	2	122
1.65321251377534	1	123
1.95904139232109	0	124
2.19589965240923	1	125
1.41497334797082	1	126
2.11058971029925	0	127
2.12385164096709	1.58496250072116	128
2.78318869107526	1	129
3.62818450807341	2.8073549220576	130
2.07918124604762	0	131
2.60314437262018	0	132
1.7481880270062	0	133
2.51054501020661	1	134
1.81291335664286	0	135
2.79309160017658	2	136
2.35024801833416	0	137
1.60205999132796	0	138
2.01703333929878	0	139
2.55870857053317	1	140
3.74491854244135	2.8073549220576	141
2.02530586526477	1	142
2.68574173860226	1	143
2.19033169817029	2	144
3.7504312486602	2.58496250072116	145
3.11159852488039	1.58496250072116	146
1.49136169383427	0	147
1.8750612633917	1	148
2.02118929906994	1	149
1.49136169383427	0	150
1.38021124171161	0	151
1.47712125471966	0	152
1.27875360095283	0	153
2.05690485133647	0	154
2.45178643552429	0	155
1.85125834871908	0	156
1.17609125905568	0	157
2.20951501454263	2	158
0.954242509439325	0	159
1.91907809237607	0	160
2.80140371001736	2	161
2.86213137931304	1	162
1.20411998265592	0	163
1.20411998265592	0	164
3.42862067267194	1.58496250072116	165
1.68124123737559	0	166
1.81954393554187	0	167
2.16136800223497	1	168
2.08635983067475	1	169
1.66275783168157	1	170
2.14612803567824	1	171
0.903089986991944	0	172
1.92427928606188	0	173
1.78532983501077	0	174
2.06818586174616	1	175
2.51587384371168	1	176
1.6232492903979	0	177
1.36172783601759	1	178
1.17609125905568	0	179
1.74036268949424	0	180
1.92941892571429	0	181
2.01703333929878	1	182
1.70757017609794	0	183
1.74036268949424	1	184
1.23044892137827	1	185
1.51851393987789	1	186
2.66931688056611	1	187
3.03462845662532	2	188
1.17609125905568	0	189
1.41497334797082	0	190
1.66275783168157	0	191
3.29928933408768	2	192
3.4929000111087	2.58496250072116	193
3.32817566143832	1.58496250072116	194
3.55424680816611	2.32192809488736	195
3.41229250932305	2.32192809488736	196
1.75587485567249	1	197
2.78746047451842	0	198
1.60205999132796	0	199
1.68124123737559	0	200
2.04139268515823	0	201
1.67209785793572	0	202
2.41329976408125	1.58496250072116	203
2.17318626841227	1	204
1.72427586960079	0	205
2.48713837547719	1	206
1.36172783601759	0	207
1.64345267648619	1	208
2.07918124604762	1	209
1.96848294855394	1	210
1.14612803567824	0	211
1.34242268082221	0	212
1.69019608002851	1	213
1.66275783168157	0	214
2.70070371714502	1	215
1.80617997398389	1.58496250072116	216
2.54406804435028	0	217
1.60205999132796	0	218
1.07918124604762	0	219
1.04139268515822	0	220
1.43136376415899	0	221
1.46239799789896	1	222
1.74036268949424	0	223
0.954242509439325	0	224
2.02118929906994	0	225
1.96378782734556	0	226
2.43616264704076	1	227
2.09342168516224	0	228
2.15533603746506	1	229
1.14612803567824	0	230
1	0	231
1.95424250943932	1	232
2.59439255037543	1.58496250072116	233
1.44715803134222	0	234
1.11394335230684	0	235
3.12090281761453	1.58496250072116	236
1.25527250510331	0	237
2.66370092538965	0	238
1.77085201164214	0	239
1.17609125905568	0	240
2.29003461136252	1	241
1.568201724067	1	242
2.22271647114758	0	243
0.778151250383644	1	244
1.66275783168157	0	245
2.91222205653242	1	246
0.602059991327962	0	247
1.89762709129044	1	248
1.04139268515822	0	249
1.47712125471966	0	250
0.698970004336019	0	251
1.46239799789896	0	252
2.32428245529769	0	253
1.97772360528885	0	254
1.07918124604762	0	255
0.903089986991944	0	256
1.96848294855394	1	257
2.97266559226611	1.58496250072116	258
1.53147891704226	0	259
1.44715803134222	0	260
2.40993312333129	1	261
0.903089986991944	0	262
2.83378437465648	1.58496250072116	263
2.20682587603185	1	264
1.44715803134222	0	265
3.09447112864165	2	266
1.55630250076729	1	267
1.95424250943932	0	268
2.29666519026153	1	269
0.778151250383644	0	270
1.96848294855394	1.58496250072116	271
1.17609125905568	0	272
2.45484486000851	0	273
1.89209460269048	0	274
1.89762709129044	1	275
2.28330122870355	1	276
3.13481437032046	1.58496250072116	277
1.89209460269048	0	278
1.04139268515822	0	279
1.95424250943932	0	280
2.75281643118827	1	281
2.43775056282039	1	282
2.19589965240923	0	283
1.73239375982297	0	284
1.53147891704226	0	285
1.85125834871908	0	286
3.68241586167736	2.32192809488736	287
2.19033169817029	0	288
0.845098040014257	0	289
3.39950066131461	2	290
1.27875360095283	0	291
0.778151250383644	0	292
1.44715803134222	0	293
0.698970004336019	0	294
1.75587485567249	0	295
1.67209785793572	1	296
2.03342375548695	1	297
1.66275783168157	0	298
1.51851393987789	0	299
2.9903388547876	1	300
1.44715803134222	0	301
2.05690485133647	0	302
3.05766610390983	1.58496250072116	303
2.00432137378264	0	304
1.81291335664286	0	305
1.86332286012046	1	306
1.91907809237607	0	307
2.39093510710338	1	308
2.51321760006794	1	309
2.20951501454263	0	310
1.69897000433602	0	311
0.903089986991944	0	312
0.698970004336019	0	313
1.84509804001426	0	314
1.66275783168157	0	315
1.90308998699194	0	316
1.04139268515822	0	317
1.68124123737559	1	318
1.17609125905568	0	319
1.90308998699194	0	320
2.56229286445647	0	321
1.14612803567824	0	322
1.76342799356294	0	323
3.07773117965239	2	324
2.28555730900777	1	325
1.04139268515822	0	326
1.07918124604762	0	327
2.52504480703685	1	328
2.60638136511061	1	329
1.38021124171161	0	330
3.3392526340327	1.58496250072116	331
1.07918124604762	0	332
2.60422605308447	1	333
1.25527250510331	1	334
2	0	335
1.32221929473392	0	336
1.70757017609794	0	337
1.04139268515822	0	338
1.66275783168157	0	339
1.23044892137827	1	340
0.903089986991944	0	341
1.32221929473392	0	342
1.14612803567824	0	343
0.698970004336019	0	344
1.67209785793572	1	345
0.477121254719662	0	346
1.43136376415899	0	347
1	0	348
1.07918124604762	1	349
1.60205999132796	0	350
1.38021124171161	0	351
1.77085201164214	0	352
1.78532983501077	1	353
2.0899051114394	1	354
2.26717172840301	1	355
1.23044892137827	0	356
1.25527250510331	0	357
1.67209785793572	0	358
1.25527250510331	0	359
1.04139268515822	0	360
2.00860017176192	0	361
2.70329137811866	1	362
1.38021124171161	0	363
1.39794000867204	1	364
1.63346845557959	0	365
3.69731654173238	2.32192809488736	366
1.60205999132796	0	367
1.77815125038364	0	368
2.19589965240923	1	369
2.06069784035361	0	370
1.47712125471966	0	371
1.43136376415899	1	372
1.78532983501077	0	373
1.89762709129044	1	374
1.11394335230684	0	375
1.50514997831991	1	376
1.30102999566398	0	377
1.34242268082221	0	378
1	0	379
1.90848501887865	0	380
1.07918124604762	0	381
1.46239799789896	0	382
0.602059991327962	0	383
1.38021124171161	1	384
1.17609125905568	0	385
2.82994669594164	0	386
1.17609125905568	0	387
0.602059991327962	0	388
0.698970004336019	0	389
0.477121254719662	0	390
3.36172783601759	2	391
2.48572142648158	1	392
1	0	393
1.38021124171161	0	394
1.88649072517248	0	395
3.11991541025799	2	396
2.63447727016073	1	397
1.14612803567824	1	398
1.80617997398389	0	399
1.30102999566398	0	400
0.954242509439325	0	401
1.20411998265592	0	402
1.23044892137827	0	403
1.65321251377534	1	404
0.903089986991944	0	405
2.62736585659273	1.58496250072116	406
1.23044892137827	0	407
1.34242268082221	0	408
2.14612803567824	1	409
1.17609125905568	1	410
1.11394335230684	0	411
0.903089986991944	0	412
2.73319726510657	1.58496250072116	413
1.53147891704226	0	414
1.39794000867204	0	415
1.07918124604762	0	416
1.25527250510331	0	417
1.49136169383427	1	418
2.04921802267018	1	419
1	0	420
2.12057393120585	1	421
1.93951925261862	0	422
1.04139268515822	0	423
1.34242268082221	0	424
0.698970004336019	1	425
1.34242268082221	0	426
1.07918124604762	1	427
0.698970004336019	0	428
1.61278385671974	0	429
1.32221929473392	0	430
0.903089986991944	1	431
1.47712125471966	1	432
1.07918124604762	0	433
1.38021124171161	0	434
1.14612803567824	0	435
1.88081359228079	0	436
1.23044892137827	0	437
0.845098040014257	0	438
1.44715803134222	0	439
1.23044892137827	0	440
0.602059991327962	0	441
1.11394335230684	0	442
0.698970004336019	0	443
1.07918124604762	0	444
1.46239799789896	0	445
1.14612803567824	0	446
1.90848501887865	0	447
2.39967372148104	1	448
0.903089986991944	0	449
1	0	450
0.778151250383644	0	451
1.39794000867204	0	452
1.39794000867204	1	453
0.845098040014257	0	454
1.7160033436348	0	455
1.20411998265592	1	456
1.6232492903979	0	457
1.95424250943932	0	458
1.04139268515822	0	459
1.23044892137827	0	460
1.39794000867204	0	461
0.845098040014257	0	462
0.778151250383644	1	463
2.88479536394898	2	464
1.85733249643127	1.58496250072116	465
1.20411998265592	0	466
0.778151250383644	0	467
1.17609125905568	0	468
2.48287358360875	2	469
0.477121254719662	0	470
0.954242509439325	0	471
1.04139268515822	0	472
1.23044892137827	0	473
2.34830486304816	0	474
2.26007138798507	1	475
0.845098040014257	0	476
0.698970004336019	0	477
0.477121254719662	0	478
0.845098040014257	0	479
0.778151250383644	0	480
0.602059991327962	0	481
0.778151250383644	0	482
2.80482067872116	1	483
1	0	484
1.41497334797082	0	485
0.845098040014257	0	486
1.70757017609794	1	487
1.14612803567824	1	488
1.20411998265592	1	489
2.03742649794062	0	490
1.90308998699194	0	491
1	0	492
2.20411998265593	1	493
1.46239799789896	1	494
0.778151250383644	0	495
0.698970004336019	0	496
1.14612803567824	0	497
0.845098040014257	0	498
1.92941892571429	0	499
1.11394335230684	0	500
2.61384182187607	1	501
0.845098040014257	0	502
2.91855453055027	1.58496250072116	503
1.25527250510331	0	504
1.51851393987789	1	505
2.31386722036915	2	506
1.32221929473392	0	507
1.17609125905568	0	508
1.25527250510331	0	509
1.20411998265592	1	510
1.14612803567824	0	511
1.568201724067	0	512
0.698970004336019	0	513
1.51851393987789	0	514
1.36172783601759	0	515
1.23044892137827	0	516
1.36172783601759	0	517
2.22271647114758	1	518
0.602059991327962	1	519
0.954242509439325	0	520
2.05690485133647	0	521
0.778151250383644	0	522
1.07918124604762	0	523
1.11394335230684	0	524
1.74036268949424	0	525
2.23552844690755	0	526
2.17897694729317	1	527
2.32221929473392	1	528
2.81291335664286	1	529
1.30102999566398	1	530
1.11394335230684	0	531
1.64345267648619	0	532
1.27875360095283	1	533
0.778151250383644	1	534
1.14612803567824	0	535
1.07918124604762	0	536
1.41497334797082	0	537
2.39093510710338	1	538
1.07918124604762	0	539
1.04139268515822	0	540
0.602059991327962	0	541
0.477121254719662	0	542
0.845098040014257	0	543
2.36361197989214	0	544
1.27875360095283	0	545
3.20709554041922	2	546
0.954242509439325	0	547
1.30102999566398	0	548
1.88649072517248	0	549
1.32221929473392	0	550
2.09342168516224	1	551
1.69019608002851	1	552
0.903089986991944	0	553
1.64345267648619	0	554
1.04139268515822	0	555
2.28330122870355	1	556
2.10720996964787	0	557
1.50514997831991	1	558
1.55630250076729	1	559
3.05307844348342	1	560
1.11394335230684	0	561
1.54406804435028	0	562
1.75587485567249	0	563
1.60205999132796	0	564
1.17609125905568	0	565
2.6170003411209	0	566
0.778151250383644	0	567
0.477121254719662	0	568
0.845098040014257	0	569
1	0	570
1.04139268515822	0	571
1.30102999566398	0	572
0.477121254719662	1	573
0.903089986991944	0	574
1.90308998699194	0	575
1.04139268515822	0	576
1.17609125905568	0	577
1.11394335230684	1	578
1.38021124171161	0	579
1.50514997831991	0	580
0.903089986991944	0	581
0.778151250383644	0	582
1.69019608002851	0	583
1	0	584
2.8481891169914	1	585
0.698970004336019	1	586
1.07918124604762	1	587
0.845098040014257	0	588
0.301029995663981	0	589
2.17318626841227	2	590
2.07188200730613	0	591
1.07918124604762	0	592
1.36172783601759	0	593
1.64345267648619	1	594
0.477121254719662	0	595
1.43136376415899	0	596
0.903089986991944	0	597
1.46239799789896	0	598
1.89209460269048	0	599
2.26951294421792	0	600
1.44715803134222	0	601
1.91907809237607	0	602
0.845098040014257	0	603
1.11394335230684	0	604
1.07918124604762	0	605
1.23044892137827	0	606
1.69019608002851	1	607
2.69372694892365	1.58496250072116	608
1.53147891704226	0	609
1	0	610
1.36172783601759	0	611
2.26717172840301	1	612
2.23299611039215	0	613
2.42975228000241	1.58496250072116	614
0.602059991327962	1	615
0.845098040014257	0	616
1.6232492903979	0	617
1.57978359661681	0	618
1.44715803134222	0	619
1.46239799789896	0	620
2.92582757462474	0	621
1.46239799789896	0	622
1.63346845557959	0	623
1.07918124604762	0	624
0.698970004336019	0	625
1.20411998265592	0	626
1.07918124604762	0	627
0.602059991327962	0	628
0.954242509439325	0	629
1.61278385671974	0	630
0.698970004336019	0	631
0.903089986991944	0	632
0.954242509439325	0	633
0.301029995663981	0	634
1.54406804435028	0	635
1.30102999566398	1	636
2.65609820201283	1.58496250072116	637
0.602059991327962	0	638
1	0	639
1.20411998265592	0	640
0.698970004336019	0	641
1.39794000867204	1	642
1.79239168949825	0	643
1.32221929473392	0	644
0.698970004336019	0	645
1.11394335230684	0	646
1.61278385671974	0	647
0.602059991327962	0	648
1	0	649
2.13033376849501	1	650
2.99387691494121	2	651
0.954242509439325	0	652
1.04139268515822	0	653
2.39794000867204	2	654
1.32221929473392	0	655
1.39794000867204	0	656
0.301029995663981	0	657
0.845098040014257	0	658
0.698970004336019	0	659
1.07918124604762	0	660
1.55630250076729	0	661
1.39794000867204	1	662
1	0	663
0.477121254719662	0	664
0.477121254719662	0	665
0.954242509439325	0	666
1.07918124604762	0	667
2.38738982633873	1	668
1.14612803567824	0	669
2.17609125905568	1	670
1.81954393554187	0	671
1.79934054945358	0	672
1.30102999566398	0	673
0.301029995663981	0	674
1.75587485567249	0	675
1.17609125905568	0	676
1.6232492903979	1	677
1.55630250076729	0	678
1.11394335230684	0	679
0.903089986991944	0	680
1.07918124604762	0	681
1.89762709129044	0	682
0.477121254719662	0	683
1.38021124171161	1	684
1.27875360095283	0	685
1.14612803567824	0	686
1.04139268515822	0	687
0.698970004336019	0	688
0.602059991327962	0	689
1.6232492903979	2.32192809488736	690
0.778151250383644	0	691
0.698970004336019	0	692
0.301029995663981	0	693
1.23044892137827	0	694
1.11394335230684	0	695
1.96848294855394	0	696
0.602059991327962	0	697
1.07918124604762	0	698
2.02938377768521	0	699
0.845098040014257	0	700
2.04532297878666	0	701
1.69897000433602	1	702
2.50785587169583	1	703
1.11394335230684	1	704
2.39269695325967	2	705
1.39794000867204	1	706
0.602059991327962	0	707
0.698970004336019	1	708
1.20411998265592	0	709
0.698970004336019	0	710
1.17609125905568	0	711
0.698970004336019	0	712
0.602059991327962	0	713
0.301029995663981	0	714
0.301029995663981	0	715
0.778151250383644	0	716
0.845098040014257	0	717
1.14612803567824	0	718
0.845098040014257	0	719
0.903089986991944	0	720
0.602059991327962	0	721
0.477121254719662	0	722
1.6232492903979	0	723
1.93449845124357	0	724
1.39794000867204	1	725
1.11394335230684	0	726
0.845098040014257	1	727
0.778151250383644	0	728
2.04921802267018	1	729
1.04139268515822	0	730
1.04139268515822	0	731
1.11394335230684	0	732
1.36172783601759	0	733
0.903089986991944	0	734
1.72427586960079	0	735
1.51851393987789	0	736
1.11394335230684	0	737
0.903089986991944	0	738
2.17026171539496	2	739
0.602059991327962	0	740
1.46239799789896	0	741
0.477121254719662	0	742
1.86332286012046	0	743
0.698970004336019	0	744
1.53147891704226	1	745
1.54406804435028	1	746
0.698970004336019	0	747
1.44715803134222	0	748
0.477121254719662	0	749
0.602059991327962	0	750
0.602059991327962	0	751
0.477121254719662	0	752
0.301029995663981	0	753
1.11394335230684	0	754
1	1	755
1.30102999566398	0	756
0.845098040014257	0	757
1	0	758
0.477121254719662	0	759
1	0	760
0.954242509439325	0	761
1.63346845557959	0	762
0.602059991327962	0	763
0.778151250383644	0	764
0.903089986991944	0	765
0.778151250383644	0	766
0.301029995663981	0	767
1.47712125471966	1	768
1.04139268515822	0	769
1.46239799789896	1.58496250072116	770
1.17609125905568	0	771
1.38021124171161	0	772
1.75587485567249	0	773
0.954242509439325	0	774
0.845098040014257	0	775
1.07918124604762	1	776
1.25527250510331	0	777
0.698970004336019	0	778
0.954242509439325	0	779
0.477121254719662	0	780
0.954242509439325	0	781
1.34242268082221	0	782
2.08278537031645	1	783
1.04139268515822	0	784
1.46239799789896	0	785
0.602059991327962	0	786
0.477121254719662	0	787
0.903089986991944	0	788
0.477121254719662	0	789
0.602059991327962	0	790
1.30102999566398	0	791
1.5910646070265	1	792
1.91907809237607	0	793
2.39445168082622	1.58496250072116	794
0.845098040014257	0	795
0.477121254719662	0	796
2.34044411484012	1.58496250072116	797
0.477121254719662	0	798
0.778151250383644	0	799
1.17609125905568	0	800
1.17609125905568	1	801
1.32221929473392	0	802
0.477121254719662	0	803
0.778151250383644	0	804
1.07918124604762	1	805
0.778151250383644	1	806
1.64345267648619	1	807
1.27875360095283	1	808
0.602059991327962	0	809
1.20411998265592	0	810
0.698970004336019	0	811
0.698970004336019	0	812
1.6232492903979	1	813
1.20411998265592	0	814
1.39794000867204	1	815
1.79239168949825	0	816
1.47712125471966	0	817
0.845098040014257	0	818
1.04139268515822	1	819
1.11394335230684	0	820
1.44715803134222	0	821
0.477121254719662	0	822
1.43136376415899	0	823
1.34242268082221	1	824
1.17609125905568	0	825
0.602059991327962	0	826
1.38021124171161	0	827
0.301029995663981	0	828
1.46239799789896	0	829
0.845098040014257	0	830
0.845098040014257	0	831
1.65321251377534	0	832
1.77085201164214	1	833
0.602059991327962	0	834
0.778151250383644	0	835
1.23044892137827	0	836
1.14612803567824	0	837
1.30102999566398	1	838
1	0	839
0.698970004336019	1	840
0.602059991327962	0	841
1.43136376415899	0	842
0.698970004336019	0	843
0.903089986991944	1	844
0.477121254719662	0	845
0.602059991327962	0	846
0.477121254719662	0	847
1.64345267648619	1	848
0.903089986991944	0	849
0.477121254719662	0	850
0.903089986991944	0	851
1.07918124604762	1	852
1.17609125905568	0	853
0.845098040014257	0	854
0.301029995663981	0	855
0.954242509439325	0	856
0.477121254719662	0	857
1.75587485567249	0	858
1.95424250943932	0	859
0.301029995663981	0	860
0.301029995663981	0	861
0.301029995663981	0	862
0.845098040014257	0	863
2.98944981766669	1	864
0.301029995663981	0	865
0.903089986991944	0	866
0.602059991327962	0	867
0.903089986991944	0	868
0.954242509439325	0	869
0.602059991327962	1	870
0.778151250383644	0	871
1.30102999566398	2	872
0.778151250383644	0	873
1.51851393987789	0	874
0.903089986991944	0	875
0.477121254719662	0	876
0.778151250383644	0	877
1.07918124604762	0	878
1	1	879
0.477121254719662	0	880
1.38021124171161	1	881
1.43136376415899	1	882
1.25527250510331	0	883
1.20411998265592	0	884
0.301029995663981	0	885
0.698970004336019	0	886
0.903089986991944	0	887
0.954242509439325	0	888
0.301029995663981	0	889
0.602059991327962	0	890
1.07918124604762	0	891
0.301029995663981	0	892
1.07918124604762	0	893
1.20411998265592	0	894
0.602059991327962	0	895
0.477121254719662	0	896
1.17609125905568	0	897
0.698970004336019	0	898
0.698970004336019	1	899
0.954242509439325	0	900
1.23044892137827	0	901
0.698970004336019	0	902
1.68124123737559	1	903
0.477121254719662	0	904
0.301029995663981	0	905
1.07918124604762	0	906
1.27875360095283	1	907
1	0	908
1.14612803567824	0	909
1.53147891704226	0	910
0.778151250383644	0	911
1.41497334797082	0	912
0.477121254719662	0	913
1.92427928606188	0	914
2.23044892137827	0	915
1.27875360095283	0	916
1.98677173426624	0	917
1.20411998265592	0	918
0.698970004336019	0	919
1.23044892137827	0	920
0.698970004336019	0	921
1.93449845124357	0	922
0.602059991327962	0	923
0.778151250383644	0	924
0.845098040014257	0	925
1.17609125905568	0	926
0.778151250383644	0	927
0.477121254719662	0	928
1.54406804435028	1	929
1.27875360095283	1	930
1.5910646070265	1	931
1.04139268515822	0	932
0.954242509439325	0	933
1.07918124604762	1	934
0.698970004336019	0	935
1.57978359661681	0	936
0.301029995663981	0	937
1.47712125471966	1.58496250072116	938
1	1	939
0.477121254719662	0	940
0.698970004336019	0	941
1	0	942
1.14612803567824	1	943
1.07918124604762	0	944
1.36172783601759	0	945
1.23044892137827	0	946
1.75587485567249	0	947
1	0	948
1.46239799789896	1	949
2.60530504614111	0	950
1.23044892137827	0	951
1.27875360095283	0	952
0.301029995663981	0	953
0.477121254719662	0	954
0.301029995663981	0	955
0.477121254719662	0	956
0.845098040014257	0	957
0.698970004336019	0	958
0.301029995663981	1	959
0.845098040014257	0	960
1	0	961
0.778151250383644	0	962
0.301029995663981	0	963
2.03342375548695	1	964
1.36172783601759	0	965
1.07918124604762	0	966
2.18184358794477	0	967
1	0	968
0.954242509439325	0	969
1.83250891270624	1	970
0.301029995663981	0	971
1.5910646070265	0	972
1.27875360095283	0	973
0.698970004336019	0	974
0.301029995663981	0	975
1.25527250510331	0	976
0.903089986991944	0	977
0.477121254719662	0	978
0.301029995663981	0	979
0.602059991327962	0	980
2.13672056715641	0	981
0.954242509439325	0	982
3.33304402982349	2	983
1.11394335230684	0	984
1.46239799789896	0	985
0.301029995663981	0	986
0.698970004336019	0	987
1.44715803134222	0	988
1.92941892571429	0	989
1.64345267648619	1	990
0.602059991327962	0	991
1.14612803567824	0	992
0.301029995663981	0	993
0.845098040014257	0	994
1.07918124604762	0	995
0.845098040014257	0	996
0.698970004336019	0	997
0.602059991327962	0	998
0.845098040014257	0	999
1.07918124604762	0	1000
1.17609125905568	0	1001
1.41497334797082	1	1002
1.25527250510331	0	1003
1	0	1004
0.301029995663981	0	1005
0.845098040014257	0	1006
0	0	1007
1.23044892137827	0	1008
0.954242509439325	0	1009
1.07918124604762	0	1010
0.903089986991944	0	1011
0.954242509439325	0	1012
0.903089986991944	0	1013
1.11394335230684	0	1014
0.602059991327962	0	1015
1.27875360095283	0	1016
1.63346845557959	1	1017
2.52504480703685	1	1018
1.36172783601759	0	1019
0.954242509439325	0	1020
1.23044892137827	0	1021
0.477121254719662	0	1022
0.778151250383644	0	1023
0.301029995663981	0	1024
0.903089986991944	0	1025
0.477121254719662	0	1026
1.27875360095283	1	1027
0.301029995663981	0	1028
0.602059991327962	0	1029
1.95424250943932	1.58496250072116	1030
0.845098040014257	0	1031
0.602059991327962	0	1032
0.845098040014257	0	1033
0.477121254719662	0	1034
1.69897000433602	0	1035
2.31806333496276	1	1036
1.72427586960079	0	1037
0.954242509439325	0	1038
0.301029995663981	0	1039
1.43136376415899	0	1040
1	0	1041
2.21218760440396	0	1042
0.903089986991944	0	1043
0.477121254719662	0	1044
0.845098040014257	0	1045
0.477121254719662	0	1046
0.477121254719662	0	1047
1	0	1048
1.17609125905568	0	1049
0	0	1050
1.14612803567824	0	1051
1.46239799789896	0	1052
1.14612803567824	0	1053
1.07918124604762	0	1054
0.602059991327962	0	1055
1.51851393987789	0	1056
1.64345267648619	0	1057
1.73239375982297	0	1058
0.698970004336019	0	1059
2.54777470538782	1	1060
0.778151250383644	0	1061
1.6232492903979	0	1062
1.23044892137827	0	1063
1	0	1064
0.477121254719662	0	1065
1.27875360095283	0	1066
0.477121254719662	0	1067
0.845098040014257	0	1068
0	0	1069
0.301029995663981	0	1070
0	0	1071
1.66275783168157	0	1072
1.43136376415899	0	1073
1	0	1074
1.67209785793572	0	1075
1.69897000433602	0	1076
0.477121254719662	0	1077
0.845098040014257	0	1078
0.845098040014257	1	1079
0.602059991327962	0	1080
0.954242509439325	0	1081
0.477121254719662	0	1082
0.301029995663981	0	1083
0.845098040014257	0	1084
0.903089986991944	0	1085
0.477121254719662	0	1086
0.698970004336019	0	1087
0.845098040014257	0	1088
0.778151250383644	0	1089
1.39794000867204	0	1090
1.60205999132796	1	1091
1.14612803567824	0	1092
0.477121254719662	0	1093
0	0	1094
0.602059991327962	0	1095
0.778151250383644	0	1096
1.14612803567824	0	1097
0.778151250383644	0	1098
2.19312459835446	0	1099
0.301029995663981	0	1100
0.698970004336019	0	1101
1.23044892137827	0	1102
0.698970004336019	0	1103
1.07918124604762	0	1104
0.778151250383644	1	1105
0.477121254719662	0	1106
1.07918124604762	0	1107
0.301029995663981	0	1108
1.81291335664286	0	1109
1.11394335230684	0	1110
0.845098040014257	0	1111
1.20411998265592	0	1112
0.778151250383644	0	1113
0.477121254719662	0	1114
1.23044892137827	0	1115
0.845098040014257	0	1116
0.903089986991944	0	1117
1	0	1118
0.301029995663981	0	1119
2.38560627359831	0	1120
0.698970004336019	0	1121
0.477121254719662	1	1122
0.477121254719662	0	1123
0.301029995663981	0	1124
1.74036268949424	0	1125
1.14612803567824	0	1126
1.11394335230684	0	1127
1.07918124604762	0	1128
0.301029995663981	0	1129
1.84509804001426	1.58496250072116	1130
0.954242509439325	0	1131
1.38021124171161	1	1132
1.23044892137827	0	1133
0.301029995663981	0	1134
1.27875360095283	1	1135
0.778151250383644	0	1136
0.602059991327962	0	1137
1.44715803134222	0	1138
0.602059991327962	0	1139
0.301029995663981	0	1140
0.698970004336019	0	1141
0.477121254719662	0	1142
0.477121254719662	0	1143
1.27875360095283	0	1144
1.17609125905568	1	1145
0.301029995663981	0	1146
1.07918124604762	0	1147
1	0	1148
0.698970004336019	0	1149
0.301029995663981	0	1150
0.477121254719662	0	1151
0.903089986991944	0	1152
0.602059991327962	0	1153
0.845098040014257	0	1154
0.602059991327962	0	1155
0	0	1156
0.301029995663981	0	1157
1.55630250076729	0	1158
0.954242509439325	0	1159
0.301029995663981	1	1160
0.602059991327962	0	1161
1.07918124604762	0	1162
1.47712125471966	0	1163
1.77815125038364	1	1164
1	0	1165
0.477121254719662	0	1166
1.6232492903979	0	1167
0.477121254719662	0	1168
0.602059991327962	0	1169
1.36172783601759	0	1170
1.64345267648619	0	1171
0.698970004336019	0	1172
0.477121254719662	0	1173
0.477121254719662	0	1174
1	0	1175
1.04139268515822	0	1176
0	0	1177
0.698970004336019	0	1178
0.602059991327962	0	1179
2.54530711646582	1	1180
1.38021124171161	0	1181
1.27875360095283	0	1182
0.477121254719662	0	1183
0.477121254719662	1	1184
0.477121254719662	0	1185
0	0	1186
1.17609125905568	0	1187
1.54406804435028	0	1188
0.477121254719662	0	1189
0.301029995663981	0	1190
0.845098040014257	0	1191
1.44715803134222	0	1192
1.32221929473392	0	1193
0.301029995663981	0	1194
0.778151250383644	0	1195
0.954242509439325	0	1196
0.698970004336019	0	1197
1.63346845557959	0	1198
0.477121254719662	0	1199
0.954242509439325	0	1200
0.477121254719662	0	1201
0.477121254719662	0	1202
2.11727129565576	0	1203
0.778151250383644	0	1204
0.778151250383644	0	1205
0.477121254719662	0	1206
1.46239799789896	0	1207
1.65321251377534	0	1208
1.11394335230684	1	1209
1.55630250076729	0	1210
0	0	1211
1.07918124604762	0	1212
0.301029995663981	0	1213
1.39794000867204	0	1214
0.301029995663981	0	1215
0.903089986991944	0	1216
0.301029995663981	0	1217
1.54406804435028	0	1218
0.301029995663981	0	1219
0.301029995663981	0	1220
0.698970004336019	0	1221
0.698970004336019	0	1222
0.301029995663981	0	1223
0.845098040014257	1	1224
0.698970004336019	0	1225
0.698970004336019	0	1226
0.845098040014257	0	1227
0.301029995663981	0	1228
0	0	1229
0.602059991327962	0	1230
0.778151250383644	1	1231
0.778151250383644	0	1232
0.602059991327962	0	1233
0.903089986991944	1	1234
1.34242268082221	0	1235
1.67209785793572	0	1236
1.41497334797082	0	1237
1.41497334797082	0	1238
0.301029995663981	0	1239
1.25527250510331	1	1240
1.64345267648619	0	1241
0.698970004336019	0	1242
0.477121254719662	0	1243
1.17609125905568	0	1244
0.477121254719662	0	1245
0.602059991327962	0	1246
0.301029995663981	0	1247
1.34242268082221	0	1248
1.17609125905568	0	1249
0.602059991327962	0	1250
0.477121254719662	0	1251
0.477121254719662	0	1252
0.477121254719662	0	1253
0.301029995663981	0	1254
0.301029995663981	0	1255
0.602059991327962	0	1256
0.477121254719662	0	1257
1.34242268082221	0	1258
1.74036268949424	1.58496250072116	1259
1.11394335230684	1	1260
0.698970004336019	0	1261
0.778151250383644	0	1262
1.98677173426624	0	1263
0.477121254719662	0	1264
0.301029995663981	0	1265
0.698970004336019	0	1266
0.301029995663981	0	1267
1	0	1268
0.477121254719662	0	1269
0.845098040014257	0	1270
1.50514997831991	0	1271
0.301029995663981	0	1272
1.68124123737559	0	1273
0.698970004336019	0	1274
2.08635983067475	0	1275
0.903089986991944	0	1276
0.477121254719662	1	1277
0.602059991327962	0	1278
0.477121254719662	1	1279
0	0	1280
0.301029995663981	0	1281
0.301029995663981	0	1282
1.17609125905568	1	1283
0.301029995663981	0	1284
0.903089986991944	1	1285
1.07918124604762	0	1286
1.14612803567824	0	1287
1.14612803567824	0	1288
0.602059991327962	1	1289
0.477121254719662	1	1290
1.38021124171161	0	1291
1.32221929473392	0	1292
0.602059991327962	0	1293
1.27875360095283	0	1294
0.845098040014257	0	1295
0.301029995663981	0	1296
0.698970004336019	0	1297
1.5910646070265	1.58496250072116	1298
1	0	1299
1.51851393987789	1	1300
0.602059991327962	0	1301
1.04139268515822	0	1302
0.954242509439325	0	1303
0.698970004336019	0	1304
1.20411998265592	0	1305
0	0	1306
0.698970004336019	0	1307
0.301029995663981	0	1308
0.602059991327962	0	1309
0.602059991327962	0	1310
1.60205999132796	0	1311
0.477121254719662	0	1312
1.51851393987789	1	1313
0.698970004336019	0	1314
1.25527250510331	0	1315
1.27875360095283	0	1316
2.24551266781415	1	1317
0.602059991327962	1	1318
0.954242509439325	0	1319
1.14612803567824	0	1320
1.39794000867204	0	1321
0.477121254719662	0	1322
0.778151250383644	0	1323
0.301029995663981	0	1324
0.778151250383644	0	1325
0	0	1326
0.698970004336019	0	1327
0.301029995663981	0	1328
0.845098040014257	0	1329
0.698970004336019	0	1330
2.0899051114394	0	1331
0.698970004336019	0	1332
1.61278385671974	0	1333
0.698970004336019	0	1334
0.301029995663981	0	1335
1.61278385671974	1	1336
0.954242509439325	0	1337
0	0	1338
0.778151250383644	0	1339
0.301029995663981	0	1340
0	0	1341
0.602059991327962	0	1342
0.903089986991944	0	1343
1.89209460269048	0	1344
0.301029995663981	0	1345
0.301029995663981	0	1346
0.301029995663981	0	1347
0.602059991327962	0	1348
0.602059991327962	0	1349
0.477121254719662	0	1350
0.903089986991944	0	1351
1.27875360095283	0	1352
0.698970004336019	0	1353
0.602059991327962	0	1354
1.20411998265592	0	1355
1.17609125905568	0	1356
0.602059991327962	0	1357
0.602059991327962	0	1358
0.477121254719662	0	1359
0.301029995663981	0	1360
0.301029995663981	0	1361
1.14612803567824	1	1362
0.602059991327962	0	1363
0.903089986991944	0	1364
0.477121254719662	0	1365
0.301029995663981	0	1366
1.30102999566398	1	1367
1.46239799789896	0	1368
0.301029995663981	0	1369
0.903089986991944	0	1370
0.477121254719662	0	1371
1.14612803567824	1	1372
0.778151250383644	1	1373
1.46239799789896	0	1374
1.20411998265592	0	1375
0.602059991327962	0	1376
0.301029995663981	0	1377
0	0	1378
0.845098040014257	0	1379
0.778151250383644	0	1380
0.778151250383644	0	1381
1.41497334797082	0	1382
0.903089986991944	0	1383
0.845098040014257	0	1384
0.301029995663981	0	1385
0	0	1386
0.301029995663981	0	1387
1.47712125471966	0	1388
0.602059991327962	0	1389
0.301029995663981	0	1390
0.845098040014257	0	1391
0.301029995663981	0	1392
0.845098040014257	0	1393
0.698970004336019	0	1394
0.698970004336019	0	1395
0.698970004336019	0	1396
0.301029995663981	0	1397
1.95424250943932	1	1398
0.602059991327962	0	1399
1.07918124604762	1	1400
0.301029995663981	0	1401
0.301029995663981	0	1402
1.11394335230684	0	1403
0.698970004336019	0	1404
0.903089986991944	0	1405
1.30102999566398	1	1406
1.53147891704226	1	1407
0.301029995663981	0	1408
1.53147891704226	0	1409
0.301029995663981	0	1410
1.86923171973098	1.58496250072116	1411
1.50514997831991	0	1412
0.954242509439325	0	1413
0.301029995663981	0	1414
0.301029995663981	0	1415
1.49136169383427	0	1416
1.04139268515822	0	1417
1.14612803567824	0	1418
2.06069784035361	2	1419
0.602059991327962	0	1420
0	0	1421
1.32221929473392	0	1422
0.845098040014257	0	1423
0.301029995663981	0	1424
0.903089986991944	0	1425
0.698970004336019	0	1426
1.04139268515822	0	1427
0.954242509439325	0	1428
0.778151250383644	0	1429
0.903089986991944	1	1430
0.602059991327962	0	1431
0	0	1432
0.698970004336019	0	1433
0.477121254719662	0	1434
0	0	1435
0.301029995663981	0	1436
0.602059991327962	0	1437
1.57978359661681	0	1438
0.301029995663981	0	1439
0.698970004336019	0	1440
1.85733249643127	1	1441
0.602059991327962	0	1442
0.602059991327962	0	1443
1.25527250510331	0	1444
0.954242509439325	0	1445
0.602059991327962	0	1446
1.97772360528885	0	1447
0.845098040014257	0	1448
0.602059991327962	0	1449
0.845098040014257	0	1450
0.477121254719662	0	1451
1.07918124604762	1	1452
1.20411998265592	0	1453
0.845098040014257	0	1454
0.301029995663981	0	1455
1	0	1456
0.602059991327962	0	1457
0.301029995663981	0	1458
0.602059991327962	0	1459
0.602059991327962	0	1460
1	0	1461
1.17609125905568	0	1462
0	0	1463
0.477121254719662	0	1464
0.602059991327962	0	1465
1.85125834871908	0	1466
0.602059991327962	0	1467
0.477121254719662	0	1468
0.602059991327962	0	1469
1.74036268949424	0	1470
1.04139268515822	0	1471
0.602059991327962	0	1472
0.903089986991944	0	1473
0.301029995663981	0	1474
0	0	1475
0.301029995663981	0	1476
0.477121254719662	0	1477
0.903089986991944	0	1478
0.698970004336019	0	1479
0.602059991327962	0	1480
0.477121254719662	0	1481
1.14612803567824	1	1482
1.07918124604762	0	1483
2.05307844348342	1	1484
2.24303804868629	0	1485
1	0	1486
0.477121254719662	0	1487
0.602059991327962	0	1488
0.778151250383644	0	1489
0.477121254719662	0	1490
1.25527250510331	0	1491
0.477121254719662	0	1492
0.602059991327962	0	1493
0.301029995663981	0	1494
0.698970004336019	0	1495
1.36172783601759	0	1496
0	0	1497
0	0	1498
0.301029995663981	0	1499
0.477121254719662	0	1500
0.301029995663981	0	1501
0.477121254719662	0	1502
0	0	1503
0.301029995663981	0	1504
0	0	1505
0.301029995663981	0	1506
0	0	1507
0	0	1508
0	0	1509
1	0	1510
2.01283722470517	1	1511
1.39794000867204	1	1512
0.602059991327962	0	1513
0.301029995663981	0	1514
0.301029995663981	0	1515
0.301029995663981	0	1516
0.477121254719662	0	1517
0	0	1518
0.301029995663981	0	1519
0.778151250383644	0	1520
0	0	1521
0.602059991327962	0	1522
0.477121254719662	0	1523
0	0	1524
1.34242268082221	1	1525
0	0	1526
0	0	1527
0	0	1528
0.301029995663981	0	1529
0.778151250383644	0	1530
0.602059991327962	0	1531
0.477121254719662	0	1532
0.301029995663981	0	1533
0.602059991327962	0	1534
0	0	1535
0	0	1536
0.477121254719662	0	1537
1.23044892137827	0	1538
0.477121254719662	0	1539
0.301029995663981	0	1540
0.602059991327962	0	1541
0.602059991327962	0	1542
0	0	1543
0.477121254719662	0	1544
0	0	1545
0.477121254719662	1	1546
0.477121254719662	0	1547
0.698970004336019	0	1548
0.954242509439325	1	1549
0.477121254719662	0	1550
0	0	1551
0.301029995663981	0	1552
0.698970004336019	1	1553
0	0	1554
0.954242509439325	0	1555
0	0	1556
0.954242509439325	1	1557
0.477121254719662	0	1558
0.698970004336019	0	1559
0.602059991327962	0	1560
0.954242509439325	0	1561
0.698970004336019	0	1562
0	0	1563
0.778151250383644	0	1564
0	0	1565
0.602059991327962	0	1566
0.602059991327962	0	1567
0.602059991327962	0	1568
0.301029995663981	0	1569
0.778151250383644	0	1570
0.845098040014257	0	1571
0	0	1572
0.301029995663981	1	1573
0.477121254719662	0	1574
1	0	1575
0.477121254719662	0	1576
0.903089986991944	0	1577
0.845098040014257	0	1578
0	0	1579
1.11394335230684	0	1580
0	0	1581
0.477121254719662	0	1582
0.301029995663981	0	1583
0.602059991327962	0	1584
0.778151250383644	0	1585
0	0	1586
1.81291335664286	0	1587
0.602059991327962	0	1588
1.04139268515822	0	1589
0.301029995663981	0	1590
1.14612803567824	0	1591
0.477121254719662	0	1592
0.602059991327962	0	1593
0.602059991327962	0	1594
0.602059991327962	0	1595
0.602059991327962	0	1596
0.477121254719662	0	1597
0.602059991327962	0	1598
0	0	1599
0.778151250383644	0	1600
1.44715803134222	0	1601
0.477121254719662	0	1602
1.07918124604762	1	1603
0.903089986991944	0	1604
0	0	1605
0	0	1606
0.778151250383644	0	1607
0.954242509439325	0	1608
0.477121254719662	0	1609
0.301029995663981	0	1610
0.301029995663981	0	1611
0.698970004336019	0	1612
0.301029995663981	0	1613
0.602059991327962	0	1614
0	0	1615
0.301029995663981	0	1616
0.301029995663981	0	1617
1.04139268515822	0	1618
0	0	1619
0.602059991327962	0	1620
0.301029995663981	0	1621
0.845098040014257	0	1622
0.778151250383644	0	1623
0.602059991327962	0	1624
0	0	1625
0	0	1626
0.301029995663981	0	1627
0	0	1628
1.53147891704226	0	1629
0	0	1630
0.477121254719662	0	1631
0.698970004336019	0	1632
1.66275783168157	0	1633
0.301029995663981	0	1634
1.41497334797082	1	1635
0.778151250383644	0	1636
0.301029995663981	0	1637
0	0	1638
0.602059991327962	0	1639
0.778151250383644	0	1640
0.778151250383644	0	1641
0.602059991327962	0	1642
1.53147891704226	0	1643
1.27875360095283	1	1644
0.903089986991944	0	1645
0.301029995663981	0	1646
1.20411998265592	1	1647
0.477121254719662	0	1648
1.14612803567824	0	1649
0.477121254719662	0	1650
0.301029995663981	0	1651
0	0	1652
0.602059991327962	0	1653
0.778151250383644	0	1654
0.301029995663981	0	1655
0.301029995663981	0	1656
0.301029995663981	0	1657
0.602059991327962	0	1658
1.34242268082221	0	1659
0.477121254719662	0	1660
0.301029995663981	0	1661
1.49136169383427	1	1662
0.301029995663981	0	1663
0.845098040014257	0	1664
0.301029995663981	0	1665
0	0	1666
0	0	1667
0	0	1668
0	0	1669
0	0	1670
0	0	1671
0.301029995663981	0	1672
1.34242268082221	0	1673
2.04532297878666	1	1674
0.301029995663981	0	1675
1	0	1676
0.845098040014257	0	1677
0	0	1678
0.301029995663981	0	1679
0	0	1680
0.477121254719662	1	1681
1	0	1682
0.301029995663981	0	1683
0.903089986991944	1	1684
1	0	1685
1.93449845124357	0	1686
0.602059991327962	0	1687
0.954242509439325	0	1688
0.845098040014257	0	1689
0.301029995663981	0	1690
0	0	1691
0	0	1692
0	0	1693
0.477121254719662	0	1694
0.698970004336019	0	1695
0	0	1696
0.301029995663981	0	1697
0.477121254719662	0	1698
0.845098040014257	1	1699
0.903089986991944	0	1700
1	0	1701
0	0	1702
0	0	1703
0.477121254719662	0	1704
0.301029995663981	0	1705
0.301029995663981	0	1706
0.602059991327962	0	1707
1.30102999566398	0	1708
0.301029995663981	0	1709
0	0	1710
0	0	1711
0	0	1712
0.602059991327962	0	1713
0	0	1714
1.14612803567824	0	1715
0.698970004336019	1	1716
1.46239799789896	1	1717
0	0	1718
1.20411998265592	0	1719
0	0	1720
0.301029995663981	0	1721
0.845098040014257	1	1722
0	0	1723
0	0	1724
0.301029995663981	0	1725
0	0	1726
0.301029995663981	0	1727
1.07918124604762	0	1728
0	0	1729
0	0	1730
0	0	1731
0.301029995663981	0	1732
1.04139268515822	0	1733
1.11394335230684	0	1734
0.698970004336019	0	1735
0.301029995663981	0	1736
0.477121254719662	0	1737
0.845098040014257	0	1738
0.301029995663981	0	1739
0.301029995663981	0	1740
0.602059991327962	0	1741
0.903089986991944	1	1742
0.602059991327962	0	1743
0.602059991327962	0	1744
0.301029995663981	0	1745
0.602059991327962	0	1746
0.602059991327962	0	1747
0.903089986991944	0	1748
1.39794000867204	0	1749
0	0	1750
0	0	1751
0.602059991327962	0	1752
0.301029995663981	0	1753
0.301029995663981	0	1754
0.477121254719662	0	1755
0	0	1756
0	0	1757
0	0	1758
0.477121254719662	0	1759
0.301029995663981	1	1760
0	0	1761
0.845098040014257	0	1762
0.602059991327962	0	1763
0	0	1764
0.477121254719662	0	1765
0	0	1766
0	0	1767
0.698970004336019	1	1768
0	0	1769
0	0	1770
0	0	1771
0	0	1772
1.04139268515822	0	1773
0.698970004336019	0	1774
1.14612803567824	0	1775
0.903089986991944	0	1776
0.477121254719662	0	1777
0	0	1778
0	0	1779
0.301029995663981	0	1780
1.20411998265592	0	1781
0.698970004336019	0	1782
0.954242509439325	0	1783
0	0	1784
0	0	1785
1.04139268515822	0	1786
0.845098040014257	0	1787
0.778151250383644	0	1788
0.778151250383644	0	1789
0	0	1790
0.477121254719662	0	1791
0.698970004336019	0	1792
1.568201724067	1.58496250072116	1793
1	0	1794
0	0	1795
0.778151250383644	0	1796
0.301029995663981	0	1797
0	0	1798
0	0	1799
0.301029995663981	0	1800
0.301029995663981	0	1801
0	0	1802
0.845098040014257	0	1803
0.301029995663981	0	1804
1.69019608002851	0	1805
0.301029995663981	0	1806
0.778151250383644	0	1807
0	0	1808
0	0	1809
0.903089986991944	0	1810
0	0	1811
0	0	1812
1.88649072517248	1.58496250072116	1813
0	0	1814
0.301029995663981	0	1815
0	0	1816
1	0	1817
0	0	1818
0.477121254719662	1	1819
0	0	1820
0.477121254719662	0	1821
0.778151250383644	0	1822
0	0	1823
0	0	1824
2.76863810124761	1	1825
0.698970004336019	0	1826
0.477121254719662	0	1827
0.301029995663981	0	1828
0.698970004336019	0	1829
0.698970004336019	0	1830
1.07918124604762	0	1831
0	0	1832
0	0	1833
1.98227123303957	0	1834
0.301029995663981	0	1835
1.38021124171161	0	1836
0	0	1837
0	0	1838
1.04139268515822	0	1839
0.301029995663981	0	1840
0.845098040014257	0	1841
0.602059991327962	0	1842
0.778151250383644	0	1843
0.301029995663981	0	1844
0	0	1845
0	0	1846
0.477121254719662	0	1847
0.477121254719662	0	1848
0.477121254719662	0	1849
0.778151250383644	0	1850
0.301029995663981	0	1851
0	0	1852
0.301029995663981	0	1853
0.903089986991944	0	1854
0.903089986991944	0	1855
0	0	1856
0	0	1857
0.698970004336019	0	1858
0.778151250383644	0	1859
0.301029995663981	0	1860
1.07918124604762	0	1861
0.602059991327962	0	1862
1.83250891270624	0	1863
0.477121254719662	0	1864
0.301029995663981	0	1865
0.301029995663981	0	1866
0.477121254719662	0	1867
0.301029995663981	0	1868
0.602059991327962	0	1869
1.81954393554187	0	1870
1.36172783601759	0	1871
0.698970004336019	0	1872
0.602059991327962	1	1873
0.698970004336019	0	1874
0	0	1875
0	0	1876
0	0	1877
0	0	1878
0	0	1879
0.602059991327962	0	1880
0.778151250383644	0	1881
0.301029995663981	0	1882
0.845098040014257	0	1883
0.602059991327962	0	1884
0.903089986991944	0	1885
0.698970004336019	0	1886
0	0	1887
0	0	1888
0.301029995663981	0	1889
0	0	1890
0.602059991327962	0	1891
1.36172783601759	1	1892
1.53147891704226	0	1893
0	0	1894
0.602059991327962	0	1895
0.778151250383644	0	1896
0.477121254719662	0	1897
0.602059991327962	0	1898
0.301029995663981	0	1899
0.698970004336019	0	1900
0.477121254719662	0	1901
0.477121254719662	0	1902
0.477121254719662	0	1903
1.23044892137827	0	1904
1.11394335230684	0	1905
0.477121254719662	0	1906
0	0	1907
0	0	1908
0	0	1909
0.301029995663981	0	1910
0	0	1911
0.301029995663981	0	1912
0	0	1913
0.698970004336019	0	1914
0.477121254719662	0	1915
0	0	1916
0.477121254719662	0	1917
0	0	1918
0.301029995663981	0	1919
0	0	1920
0.602059991327962	0	1921
0.477121254719662	0	1922
0.602059991327962	0	1923
0.778151250383644	0	1924
0	0	1925
1.04139268515822	0	1926
0.477121254719662	1	1927
0.602059991327962	0	1928
0.602059991327962	0	1929
1.36172783601759	0	1930
1	1	1931
0.602059991327962	0	1932
0.903089986991944	0	1933
0	0	1934
0.602059991327962	0	1935
0	0	1936
0.301029995663981	0	1937
1.07918124604762	0	1938
0.845098040014257	0	1939
0.698970004336019	0	1940
0.954242509439325	0	1941
0.477121254719662	0	1942
0	0	1943
0.602059991327962	0	1944
0.698970004336019	0	1945
0.301029995663981	0	1946
0	0	1947
0	0	1948
0.602059991327962	0	1949
0.602059991327962	0	1950
0	0	1951
0	0	1952
0.301029995663981	0	1953
0.698970004336019	0	1954
0	0	1955
0.301029995663981	0	1956
0	0	1957
0.301029995663981	0	1958
0	0	1959
0	0	1960
0	0	1961
0.778151250383644	0	1962
1.27875360095283	0	1963
0.698970004336019	0	1964
0.903089986991944	0	1965
1.55630250076729	1	1966
1.64345267648619	0	1967
0.301029995663981	0	1968
0	0	1969
0	0	1970
1.49136169383427	0	1971
0	0	1972
0.301029995663981	0	1973
1.8750612633917	0	1974
0.301029995663981	0	1975
0	0	1976
0.301029995663981	0	1977
0.477121254719662	0	1978
0	0	1979
0.477121254719662	0	1980
0.602059991327962	0	1981
0	0	1982
0	0	1983
0	0	1984
0.477121254719662	0	1985
0.301029995663981	0	1986
0.301029995663981	0	1987
1	0	1988
0	0	1989
0	0	1990
0.602059991327962	0	1991
0	0	1992
0	0	1993
0	0	1994
0	0	1995
0.301029995663981	0	1996
0.602059991327962	0	1997
1.60205999132796	0	1998
0.301029995663981	1	1999
0.698970004336019	0	2000
0	0	2001
0	0	2002
0	0	2003
0.477121254719662	0	2004
1.20411998265592	0	2005
0.301029995663981	0	2006
0.301029995663981	0	2007
0.301029995663981	0	2008
0.477121254719662	0	2009
0	0	2010
0	0	2011
0	0	2012
0	0	2013
0	0	2014
0	0	2015
0.477121254719662	0	2016
0.778151250383644	0	2017
0	0	2018
0.845098040014257	0	2019
0.602059991327962	0	2020
0.477121254719662	0	2021
0.778151250383644	0	2022
0.602059991327962	0	2023
0	0	2024
0.301029995663981	0	2025
0	0	2026
0	0	2027
0.301029995663981	0	2028
0.477121254719662	0	2029
0	0	2030
0.301029995663981	0	2031
0.778151250383644	1.58496250072116	2032
1.20411998265592	1	2033
0	0	2034
0	0	2035
1.11394335230684	0	2036
0.778151250383644	0	2037
0.301029995663981	0	2038
1.04139268515822	0	2039
0.602059991327962	0	2040
0.301029995663981	0	2041
0.602059991327962	0	2042
0.845098040014257	0	2043
0	0	2044
0	0	2045
0.301029995663981	0	2046
0	0	2047
0	0	2048
0	0	2049
0	0	2050
0.301029995663981	0	2051
0	0	2052
0	0	2053
0	0	2054
0	0	2055
0.477121254719662	0	2056
0	0	2057
0	0	2058
0.477121254719662	0	2059
0.301029995663981	0	2060
0	0	2061
0	0	2062
0	0	2063
0	0	2064
0.301029995663981	0	2065
0.698970004336019	0	2066
1.04139268515822	1	2067
0.602059991327962	1	2068
0.301029995663981	0	2069
0	0	2070
0.698970004336019	0	2071
0.778151250383644	0	2072
0.477121254719662	0	2073
0	0	2074
0.845098040014257	0	2075
0	0	2076
0	0	2077
0.301029995663981	0	2078
0.301029995663981	0	2079
0.778151250383644	0	2080
0.301029995663981	0	2081
0.301029995663981	0	2082
0.301029995663981	0	2083
0.301029995663981	0	2084
0.602059991327962	0	2085
1.36172783601759	1	2086
0	0	2087
0	0	2088
0.477121254719662	0	2089
0	0	2090
0	0	2091
0	0	2092
0.301029995663981	0	2093
0.602059991327962	0	2094
0.602059991327962	0	2095
1.07918124604762	0	2096
0.698970004336019	0	2097
0.301029995663981	0	2098
0.954242509439325	0	2099
0	0	2100
0	0	2101
1.25527250510331	0	2102
0	0	2103
0.602059991327962	0	2104
0	0	2105
0.602059991327962	0	2106
0	0	2107
0.477121254719662	0	2108
0.778151250383644	1	2109
0	0	2110
2.42488163663107	1	2111
0	0	2112
0.301029995663981	0	2113
0.301029995663981	0	2114
0.903089986991944	0	2115
1.11394335230684	0	2116
1.27875360095283	0	2117
0.301029995663981	0	2118
0	0	2119
2.49415459401844	0	2120
0	0	2121
0.954242509439325	0	2122
1.78532983501077	0	2123
0.301029995663981	0	2124
0.301029995663981	0	2125
0	0	2126
0	0	2127
0	0	2128
1.11394335230684	0	2129
1.77085201164214	1	2130
0	0	2131
0.477121254719662	0	2132
1.14612803567824	0	2133
0.602059991327962	0	2134
0.301029995663981	0	2135
0.301029995663981	0	2136
0	0	2137
0	0	2138
0	0	2139
0	0	2140
0.602059991327962	0	2141
0	0	2142
0	0	2143
0.301029995663981	0	2144
0.301029995663981	0	2145
0	0	2146
1.04139268515822	1	2147
0.602059991327962	0	2148
0	0	2149
0.602059991327962	0	2150
0.698970004336019	0	2151
0.698970004336019	0	2152
0.602059991327962	0	2153
0.477121254719662	0	2154
0.602059991327962	0	2155
0	0	2156
0.954242509439325	0	2157
0	0	2158
0	0	2159
0	0	2160
0.301029995663981	0	2161
1.51851393987789	0	2162
0.477121254719662	0	2163
0	0	2164
0.954242509439325	0	2165
0.477121254719662	0	2166
0.477121254719662	0	2167
0.477121254719662	0	2168
0.301029995663981	0	2169
0	0	2170
0	0	2171
0	0	2172
0	0	2173
0	0	2174
0	0	2175
2.65127801399814	1	2176
0.845098040014257	1	2177
0.954242509439325	0	2178
0.778151250383644	0	2179
0.301029995663981	0	2180
0.301029995663981	0	2181
0.602059991327962	0	2182
0.778151250383644	0	2183
0.301029995663981	0	2184
0	0	2185
0.301029995663981	0	2186
0	0	2187
0	0	2188
0	0	2189
0	0	2190
0	0	2191
0.477121254719662	0	2192
0.903089986991944	0	2193
0.301029995663981	0	2194
0.845098040014257	0	2195
0	0	2196
0.301029995663981	0	2197
1.17609125905568	0	2198
0.698970004336019	0	2199
0.301029995663981	0	2200
0	0	2201
0.845098040014257	0	2202
0	0	2203
0	0	2204
0	0	2205
0.477121254719662	0	2206
1	1	2207
0.903089986991944	0	2208
0	0	2209
0	0	2210
0	0	2211
0	0	2212
1.23044892137827	0	2213
0.477121254719662	0	2214
0.477121254719662	0	2215
0.301029995663981	0	2216
0.301029995663981	0	2217
0.903089986991944	0	2218
1.63346845557959	0	2219
0	0	2220
0	0	2221
0	0	2222
0.477121254719662	0	2223
0.301029995663981	0	2224
0.301029995663981	0	2225
1.60205999132796	0	2226
0	0	2227
0.477121254719662	1	2228
1.07918124604762	0	2229
0.602059991327962	0	2230
0.698970004336019	0	2231
0.954242509439325	0	2232
1	0	2233
0.602059991327962	0	2234
1	0	2235
0.477121254719662	0	2236
0.698970004336019	0	2237
0	0	2238
0.477121254719662	0	2239
1.39794000867204	1	2240
1	0	2241
0	0	2242
0.845098040014257	0	2243
0.698970004336019	0	2244
0.602059991327962	0	2245
1.14612803567824	0	2246
0.301029995663981	0	2247
0.301029995663981	0	2248
0	0	2249
0.845098040014257	0	2250
0.845098040014257	1	2251
0	0	2252
0.477121254719662	0	2253
0	0	2254
0	0	2255
0	0	2256
0.778151250383644	1.58496250072116	2257
1.07918124604762	1	2258
0	0	2259
0	0	2260
0.301029995663981	0	2261
0.477121254719662	0	2262
0.301029995663981	0	2263
0	0	2264
0.954242509439325	1	2265
0.477121254719662	0	2266
0.845098040014257	0	2267
0.602059991327962	0	2268
0.903089986991944	0	2269
0.602059991327962	0	2270
0	0	2271
0	0	2272
0.602059991327962	0	2273
0	0	2274
0.477121254719662	0	2275
0	0	2276
0	0	2277
0.602059991327962	0	2278
0	0	2279
0	0	2280
0	0	2281
0.698970004336019	0	2282
0.301029995663981	0	2283
0.477121254719662	0	2284
0.602059991327962	0	2285
0.602059991327962	0	2286
0.477121254719662	0	2287
0.301029995663981	0	2288
0.903089986991944	0	2289
1	1	2290
1	0	2291
0	0	2292
0	0	2293
0	0	2294
0.602059991327962	0	2295
0.301029995663981	0	2296
0.845098040014257	0	2297
0	0	2298
0	0	2299
0.301029995663981	0	2300
1.30102999566398	0	2301
0	0	2302
0	0	2303
0	0	2304
0.778151250383644	0	2305
0.301029995663981	0	2306
0	0	2307
0.301029995663981	0	2308
0	0	2309
0.778151250383644	0	2310
1.27875360095283	1	2311
0	0	2312
0	0	2313
0	0	2314
0.301029995663981	0	2315
0.845098040014257	0	2316
0.602059991327962	0	2317
0.301029995663981	0	2318
0.778151250383644	1	2319
0	0	2320
0	0	2321
0.477121254719662	0	2322
0.301029995663981	0	2323
0.477121254719662	0	2324
0.778151250383644	1	2325
0.477121254719662	0	2326
0.301029995663981	0	2327
0	0	2328
1.20411998265592	0	2329
0	0	2330
0.301029995663981	0	2331
0.301029995663981	1	2332
0	0	2333
0	0	2334
1.07918124604762	1	2335
0	0	2336
0	0	2337
0	0	2338
0	0	2339
0.954242509439325	0	2340
0.845098040014257	0	2341
0.698970004336019	0	2342
1.20411998265592	0	2343
0.845098040014257	0	2344
0	0	2345
0	0	2346
0.602059991327962	0	2347
0	0	2348
0.477121254719662	0	2349
0.778151250383644	0	2350
0.903089986991944	0	2351
0	0	2352
0	0	2353
0	0	2354
0	0	2355
0	0	2356
0.477121254719662	0	2357
0	0	2358
0.301029995663981	0	2359
1.97772360528885	1	2360
0.477121254719662	0	2361
1.04139268515822	0	2362
0	0	2363
0	0	2364
1.25527250510331	0	2365
0	0	2366
0.602059991327962	1	2367
0.698970004336019	0	2368
1	0	2369
0.845098040014257	0	2370
1.30102999566398	0	2371
0	0	2372
0	0	2373
0.698970004336019	0	2374
0.602059991327962	0	2375
0	0	2376
0.778151250383644	0	2377
1	0	2378
0	0	2379
0	0	2380
0.602059991327962	0	2381
0	0	2382
0	0	2383
0.477121254719662	0	2384
0.301029995663981	0	2385
0.903089986991944	0	2386
0.301029995663981	0	2387
0	0	2388
0	0	2389
0.301029995663981	0	2390
0	0	2391
0	0	2392
0	0	2393
0.301029995663981	0	2394
0.477121254719662	0	2395
0.845098040014257	0	2396
0.301029995663981	0	2397
0.954242509439325	0	2398
0.602059991327962	0	2399
0	0	2400
0.477121254719662	0	2401
0	0	2402
0.477121254719662	0	2403
0	0	2404
0	0	2405
1.41497334797082	0	2406
1	0	2407
0	0	2408
0.477121254719662	0	2409
0	0	2410
0.845098040014257	0	2411
0.698970004336019	0	2412
0	0	2413
0	0	2414
0.477121254719662	0	2415
0	0	2416
0	0	2417
1.61278385671974	0	2418
0.778151250383644	0	2419
1.17609125905568	0	2420
1.80617997398389	0	2421
0	0	2422
0	0	2423
0.477121254719662	0	2424
1.50514997831991	1	2425
0	0	2426
1.47712125471966	0	2427
1.14612803567824	0	2428
1.30102999566398	0	2429
0.301029995663981	0	2430
0.477121254719662	0	2431
0	0	2432
1.23044892137827	0	2433
0.301029995663981	0	2434
0.301029995663981	0	2435
0	0	2436
0	0	2437
1.11394335230684	0	2438
0.698970004336019	0	2439
0	0	2440
0.301029995663981	0	2441
0.301029995663981	0	2442
0.477121254719662	0	2443
0.301029995663981	0	2444
0.778151250383644	0	2445
0.301029995663981	0	2446
0	0	2447
0.477121254719662	0	2448
0.301029995663981	0	2449
0	0	2450
0	0	2451
0	0	2452
0	0	2453
0.301029995663981	1	2454
0	0	2455
0	0	2456
0	0	2457
0	0	2458
0	0	2459
0.477121254719662	0	2460
0.477121254719662	1	2461
0	0	2462
1.11394335230684	0	2463
0	0	2464
0	0	2465
0.477121254719662	0	2466
1.11394335230684	1	2467
0.778151250383644	0	2468
0.954242509439325	0	2469
0.778151250383644	0	2470
0.602059991327962	0	2471
1.07918124604762	1	2472
1.04139268515822	1	2473
0.698970004336019	0	2474
1.11394335230684	0	2475
0	0	2476
0	0	2477
1.34242268082221	0	2478
0.477121254719662	0	2479
0.477121254719662	0	2480
0.845098040014257	0	2481
0	0	2482
0	0	2483
0	0	2484
0.477121254719662	0	2485
0	0	2486
0.301029995663981	0	2487
0.301029995663981	0	2488
0.698970004336019	1	2489
1.07918124604762	0	2490
0	0	2491
0	0	2492
0	0	2493
0	0	2494
0.778151250383644	0	2495
0	0	2496
0	0	2497
1.27875360095283	0	2498
0	0	2499
0	0	2500
0.301029995663981	0	2501
0.301029995663981	0	2502
1.04139268515822	0	2503
0.301029995663981	0	2504
0.301029995663981	0	2505
0.301029995663981	0	2506
0.301029995663981	0	2507
0	0	2508
0.301029995663981	0	2509
0.477121254719662	0	2510
0.301029995663981	0	2511
0	0	2512
0.778151250383644	0	2513
0	0	2514
0	0	2515
0	0	2516
1.27875360095283	0	2517
0	0	2518
0	0	2519
0.301029995663981	0	2520
0.778151250383644	0	2521
0	0	2522
0	0	2523
0.301029995663981	0	2524
0.301029995663981	0	2525
0	0	2526
0	0	2527
0	0	2528
0	0	2529
0.477121254719662	0	2530
0.778151250383644	0	2531
0.301029995663981	0	2532
0	0	2533
0	0	2534
0	0	2535
0	0	2536
0.477121254719662	0	2537
0.301029995663981	0	2538
0.301029995663981	0	2539
1.36172783601759	0	2540
0	0	2541
0.301029995663981	0	2542
1.34242268082221	1	2543
0	0	2544
0	0	2545
1	0	2546
0.698970004336019	0	2547
0	0	2548
0	0	2549
0	0	2550
0	0	2551
0	0	2552
0	0	2553
1	1	2554
0.954242509439325	0	2555
0	0	2556
0.477121254719662	0	2557
0	0	2558
0	0	2559
0	0	2560
0	0	2561
0	0	2562
0.301029995663981	0	2563
0.477121254719662	0	2564
0.301029995663981	0	2565
1.75587485567249	0	2566
0.301029995663981	0	2567
0	0	2568
0	0	2569
0	0	2570
0.301029995663981	0	2571
0	0	2572
0.698970004336019	0	2573
0	0	2574
0.301029995663981	0	2575
0	0	2576
0.301029995663981	0	2577
0	0	2578
0	0	2579
0.778151250383644	0	2580
0.301029995663981	0	2581
0.778151250383644	0	2582
0	0	2583
0	0	2584
0	0	2585
0.301029995663981	0	2586
0.301029995663981	0	2587
0.903089986991944	0	2588
0	0	2589
0	0	2590
0.602059991327962	0	2591
0.301029995663981	0	2592
0.477121254719662	0	2593
0	0	2594
0	0	2595
0	0	2596
0	0	2597
0.477121254719662	0	2598
0.301029995663981	0	2599
1.88081359228079	0	2600
0.698970004336019	0	2601
0	0	2602
0	0	2603
0	0	2604
0.301029995663981	0	2605
0.698970004336019	0	2606
1.77815125038364	1	2607
0	0	2608
0	0	2609
0	0	2610
0	0	2611
0	0	2612
0	0	2613
0	0	2614
0	0	2615
0	0	2616
0	0	2617
0	0	2618
0	0	2619
0	0	2620
0	0	2621
0.301029995663981	0	2622
1.11394335230684	0	2623
0.845098040014257	1	2624
0	0	2625
0.778151250383644	1	2626
0.778151250383644	0	2627
0.301029995663981	0	2628
0.845098040014257	0	2629
0	0	2630
0.301029995663981	0	2631
0.301029995663981	0	2632
1.69019608002851	1	2633
1	0	2634
2.2718416065365	2	2635
0.477121254719662	0	2636
0	0	2637
0.301029995663981	0	2638
0.477121254719662	0	2639
0	0	2640
0.845098040014257	0	2641
0.301029995663981	0	2642
0	0	2643
0.301029995663981	0	2644
0.845098040014257	1	2645
0.301029995663981	0	2646
0.845098040014257	0	2647
0	0	2648
0.477121254719662	0	2649
0.477121254719662	1	2650
0.845098040014257	0	2651
0	0	2652
0	0	2653
0	0	2654
0	0	2655
0	0	2656
0	0	2657
0	0	2658
0.301029995663981	0	2659
0	0	2660
0.301029995663981	0	2661
0	0	2662
0	0	2663
0.778151250383644	1	2664
0.477121254719662	0	2665
0	0	2666
0	0	2667
0	0	2668
0.778151250383644	0	2669
0.477121254719662	0	2670
0.477121254719662	0	2671
0	0	2672
0.477121254719662	0	2673
0	0	2674
0.954242509439325	0	2675
0	0	2676
0	0	2677
0	0	2678
0	0	2679
0	0	2680
0	0	2681
0	0	2682
0	0	2683
0	0	2684
0	0	2685
0.602059991327962	0	2686
1.04139268515822	0	2687
0	0	2688
0	0	2689
0	0	2690
0.301029995663981	0	2691
0.301029995663981	0	2692
0.301029995663981	0	2693
0	0	2694
0	0	2695
0	0	2696
0	0	2697
0.602059991327962	0	2698
0.301029995663981	0	2699
0	0	2700
0	0	2701
0.778151250383644	0	2702
0	0	2703
0	0	2704
0.477121254719662	0	2705
0.477121254719662	0	2706
0	0	2707
0.602059991327962	0	2708
1.66275783168157	0	2709
0	0	2710
1.51851393987789	0	2711
0	0	2712
0.477121254719662	0	2713
0	0	2714
0	0	2715
0.477121254719662	0	2716
0.954242509439325	0	2717
0.602059991327962	0	2718
0	0	2719
0	0	2720
0	0	2721
0	0	2722
0.301029995663981	0	2723
0	0	2724
0.301029995663981	0	2725
0	0	2726
0	0	2727
0	0	2728
0	0	2729
0	0	2730
0	0	2731
0	0	2732
0.301029995663981	0	2733
0.477121254719662	0	2734
0	0	2735
0.477121254719662	0	2736
0	0	2737
0.301029995663981	0	2738
0.477121254719662	0	2739
0.301029995663981	0	2740
0.903089986991944	0	2741
0	0	2742
0.477121254719662	0	2743
0.602059991327962	0	2744
0.301029995663981	0	2745
0.301029995663981	0	2746
0.477121254719662	0	2747
0.903089986991944	0	2748
0.845098040014257	0	2749
0.602059991327962	1	2750
0.778151250383644	0	2751
0.602059991327962	0	2752
0.602059991327962	0	2753
0.602059991327962	0	2754
0.301029995663981	0	2755
0	0	2756
0	0	2757
0.301029995663981	0	2758
0	0	2759
0.301029995663981	0	2760
0.477121254719662	0	2761
0.301029995663981	0	2762
0.301029995663981	0	2763
1.27875360095283	0	2764
0.698970004336019	0	2765
1.23044892137827	0	2766
0	0	2767
0.698970004336019	0	2768
0	0	2769
0	0	2770
0	0	2771
0	0	2772
0	0	2773
0.301029995663981	0	2774
0.301029995663981	0	2775
0	0	2776
0	0	2777
0	0	2778
0	0	2779
0	0	2780
0	0	2781
0	0	2782
0	0	2783
0	0	2784
0.301029995663981	0	2785
0.954242509439325	0	2786
0.778151250383644	0	2787
0	0	2788
0	0	2789
0	0	2790
0	0	2791
0	0	2792
0.301029995663981	0	2793
0	0	2794
0.698970004336019	0	2795
0.301029995663981	0	2796
1	0	2797
0	0	2798
0	0	2799
0.301029995663981	0	2800
0.602059991327962	0	2801
0.845098040014257	0	2802
0	0	2803
0	0	2804
0.301029995663981	0	2805
0.301029995663981	0	2806
0.778151250383644	0	2807
0	0	2808
0.477121254719662	0	2809
0.301029995663981	0	2810
0.301029995663981	0	2811
0.301029995663981	0	2812
1.65321251377534	0	2813
0.301029995663981	0	2814
1.14612803567824	0	2815
0.477121254719662	0	2816
0.301029995663981	0	2817
0	0	2818
1.50514997831991	0	2819
0	0	2820
0	0	2821
0	0	2822
0	0	2823
0	0	2824
0.477121254719662	0	2825
0.778151250383644	0	2826
0.602059991327962	0	2827
0	0	2828
0	0	2829
0	0	2830
0	0	2831
0	0	2832
0	0	2833
0	0	2834
0	0	2835
0.903089986991944	0	2836
1.36172783601759	0	2837
2.04532297878666	2	2838
0	0	2839
0.477121254719662	0	2840
0	0	2841
0	0	2842
0	0	2843
0	0	2844
0	0	2845
0	0	2846
0.477121254719662	0	2847
0.477121254719662	0	2848
0	0	2849
0.903089986991944	0	2850
0	0	2851
0	0	2852
0.477121254719662	0	2853
0.477121254719662	0	2854
0	0	2855
0	0	2856
0	0	2857
0	0	2858
0	0	2859
0	0	2860
0	0	2861
0.477121254719662	0	2862
0	0	2863
0	0	2864
0	0	2865
0	0	2866
0	0	2867
0	0	2868
0	0	2869
0	0	2870
0	0	2871
0	0	2872
0.477121254719662	0	2873
0	0	2874
0	0	2875
1.60205999132796	0	2876
0.477121254719662	0	2877
0	0	2878
0.301029995663981	0	2879
0	0	2880
0.301029995663981	0	2881
0.301029995663981	0	2882
0	0	2883
0.778151250383644	0	2884
0.301029995663981	0	2885
0	0	2886
0	0	2887
1.17609125905568	1	2888
0.301029995663981	0	2889
0.903089986991944	0	2890
1.25527250510331	0	2891
0.301029995663981	0	2892
0	0	2893
0.301029995663981	0	2894
1	0	2895
0.602059991327962	0	2896
0.778151250383644	0	2897
1.07918124604762	0	2898
0	0	2899
0	0	2900
0	0	2901
0	0	2902
0.477121254719662	0	2903
0.602059991327962	0	2904
0	0	2905
0.301029995663981	0	2906
0	0	2907
0	0	2908
0	0	2909
0.477121254719662	0	2910
0	0	2911
0.602059991327962	0	2912
0.301029995663981	0	2913
0	0	2914
0.602059991327962	0	2915
0	0	2916
0	0	2917
0	0	2918
0	0	2919
0	0	2920
0	0	2921
0	0	2922
0.698970004336019	0	2923
0.301029995663981	0	2924
1.04139268515822	0	2925
0	0	2926
0	0	2927
0.301029995663981	0	2928
0.301029995663981	0	2929
0	0	2930
0	0	2931
0.477121254719662	0	2932
0.698970004336019	0	2933
0.301029995663981	0	2934
0.778151250383644	1	2935
0	0	2936
0.301029995663981	0	2937
0	0	2938
0.602059991327962	0	2939
1	0	2940
1.38021124171161	0	2941
0.301029995663981	0	2942
1.34242268082221	0	2943
0.698970004336019	0	2944
0	0	2945
0	0	2946
0.301029995663981	0	2947
0.477121254719662	0	2948
0	0	2949
0	0	2950
0	0	2951
0.477121254719662	0	2952
0.602059991327962	0	2953
0	0	2954
0	0	2955
0	0	2956
0.778151250383644	0	2957
0.301029995663981	0	2958
0.602059991327962	0	2959
0.301029995663981	0	2960
0.301029995663981	0	2961
0.477121254719662	0	2962
0.602059991327962	0	2963
0.301029995663981	0	2964
0.301029995663981	0	2965
1.14612803567824	1	2966
1.85125834871908	1	2967
0	0	2968
0	0	2969
0	0	2970
0	0	2971
0	0	2972
0	0	2973
1.50514997831991	0	2974
0	0	2975
0	0	2976
0	0	2977
0	0	2978
0.301029995663981	0	2979
0	0	2980
0	0	2981
0.602059991327962	0	2982
0	0	2983
0	0	2984
0	0	2985
0	0	2986
0	0	2987
0	0	2988
0	0	2989
0	0	2990
0.698970004336019	0	2991
0	0	2992
