group	label	showSelected1
1	Cluster 144: 8/155 pixels shown, logFC -1.8 to 3.6, log10(p) 0.0 to 1.4	144
1	Cluster 169: 75/122 pixels shown, logFC -3.1 to 3.3, log10(p) 0.0 to 1.1	169
1	Cluster 242: 30/37 pixels shown, logFC -1.2 to 3.3, log10(p) 0.0 to 1.1	242
1	Cluster 264: 128/161 pixels shown, logFC -3.5 to 2.8, log10(p) 0.0 to 1.2	264
1	Cluster 294: 5/5 pixels shown, logFC 0.2 to 3.3, log10(p) 0.0 to 1.1	294
1	Cluster 422: 87/87 pixels shown, logFC -1.8 to 3.6, log10(p) 0.0 to 1.4	422
1	Cluster 752: 3/3 pixels shown, logFC 2.0 to 2.8, log10(p) 0.5 to 0.8	752
1	Cluster 768: 6/30 pixels shown, logFC -3.5 to 0.9, log10(p) 0.2 to 1.2	768
1	Cluster 801: 3/15 pixels shown, logFC -3.1 to 1.3, log10(p) 0.0 to 1.0	801
1	Cluster 862: 2/2 pixels shown, logFC 2.0 to 3.3, log10(p) 0.5 to 1.1	862
1	Cluster 907: 10/19 pixels shown, logFC 0.2 to 3.6, log10(p) 0.0 to 1.4	907
1	Cluster 1041: 10/10 pixels shown, logFC -3.1 to -0.8, log10(p) 0.3 to 1.0	1041
1	Cluster 1124: 2/2 pixels shown, logFC 2.0 to 2.8, log10(p) 0.5 to 0.8	1124
1	Cluster 1328: 2/2 pixels shown, logFC 0.2 to 2.0, log10(p) 0.0 to 0.5	1328
1	Cluster 1406: 9/20 pixels shown, logFC 0.2 to 4.1, log10(p) 0.0 to 2.0	1406
1	Cluster 1557: 2/9 pixels shown, logFC -0.6 to 0.2, log10(p) 0.0 to 0.2	1557
1	Cluster 1741: 4/4 pixels shown, logFC 1.4 to 2.8, log10(p) 0.5 to 0.9	1741
1	Cluster 1793: 22/37 pixels shown, logFC -3.5 to 0.2, log10(p) 0.0 to 1.2	1793
1	Cluster 1794: 10/10 pixels shown, logFC -3.1 to -1.2, log10(p) 0.4 to 1.0	1794
1	Cluster 1913: 1/1 pixels shown, logFC -2.6 to -2.6, log10(p) 0.7 to 0.7	1913
1	Cluster 2045: 1/1 pixels shown, logFC 3.6 to 3.6, log10(p) 1.4 to 1.4	2045
1	Cluster 2240: 21/25 pixels shown, logFC -0.6 to 2.8, log10(p) 0.0 to 0.8	2240
1	Cluster 2268: 4/4 pixels shown, logFC 2.0 to 2.8, log10(p) 0.5 to 0.8	2268
1	Cluster 2470: 6/6 pixels shown, logFC -3.1 to -1.8, log10(p) 0.4 to 1.0	2470
1	Cluster 2473: 5/11 pixels shown, logFC -2.6 to -0.4, log10(p) 0.1 to 0.7	2473
1	Cluster 2683: 1/1 pixels shown, logFC 3.3 to 3.3, log10(p) 1.1 to 1.1	2683
1	Cluster 2684: 1/1 pixels shown, logFC 3.3 to 3.3, log10(p) 1.1 to 1.1	2684
1	Cluster 2685: 1/1 pixels shown, logFC 3.3 to 3.3, log10(p) 1.1 to 1.1	2685
1	Cluster 2713: 3/3 pixels shown, logFC -2.6 to -1.8, log10(p) 0.4 to 0.7	2713
1	Cluster 2817: 2/2 pixels shown, logFC -3.5 to -1.8, log10(p) 0.4 to 1.2	2817
1	Cluster 2840: 3/3 pixels shown, logFC -1.8 to -1.8, log10(p) 0.4 to 0.4	2840
1	Cluster 2844: 1/1 pixels shown, logFC -4.0 to -4.0, log10(p) 1.8 to 1.8	2844
