group	fill	clickSelects
1	#FFFFFF	983
2	#FFFFFF	983
3	#FFFFFF	983
4	#FFFFFF	983
5	#FFFFFF	983
6	#FFFFFF	192
7	#FFFFFF	192
8	#FFFFFF	192
9	#FFFFFF	192
10	#FFFFFF	833
11	#FFFFFF	833
12	#FFFFFF	192
13	#FFFFFF	192
14	#FFFFFF	983
15	#FFFFFF	192
16	#FFFFFF	192
17	#FFFFFF	192
18	#FFFFFF	192
19	#FFFFFF	192
20	#FFFFFF	192
21	#FFFFFF	192
22	#FFFFFF	192
23	#FFFFFF	192
24	#FFFFFF	192
26	#FFFFFF	192
27	#FFFFFF	983
28	#FFFFFF	983
29	#FFFFFF	192
30	#FFFFFF	192
31	#FFFFFF	192
32	#FFFFFF	192
33	#FFFFFF	192
34	#FFFFFF	192
35	#FFFFFF	192
37	#FFFFFF	192
38	#FFFFFF	33
39	#FFFFFF	33
40	#FFFFFF	192
41	#FFFFFF	192
42	#FFFFFF	11
43	#FFFFFF	11
44	#FFFFFF	11
45	#FFFFFF	11
47	#FFFFFF	192
48	#FFFFFF	192
49	#FFFFFF	192
50	#FFFFFF	192
51	#FFFFFF	983
52	#FFFFFF	983
53	#FFFFFF	983
54	#FFFFFF	983
55	#FFFFFF	983
56	#FFFFFF	192
57	#FFFFFF	983
58	#FFFFFF	192
59	#FFFFFF	192
60	#FFFFFF	833
61	#FFFFFF	833
62	#FFFFFF	192
63	#FFFFFF	192
64	#FFFFFF	983
65	#FFFFFF	192
66	#FFFFFF	192
67	#FFFFFF	192
68	#FFFFFF	192
69	#FFFFFF	192
70	#FFFFFF	192
71	#FFFFFF	192
72	#FFFFFF	192
73	#FFFFFF	192
74	#FFFFFF	192
76	#FFFFFF	192
77	#FFFFFF	192
78	#FFFFFF	983
79	#FFFFFF	983
80	#FFFFFF	192
81	#FFFFFF	192
82	#FFFFFF	192
83	#FFFFFF	192
84	#FFFFFF	192
85	#FFFFFF	192
87	#FFFFFF	192
88	#FFFFFF	192
89	#FFFFFF	33
90	#FFFFFF	192
91	#FFFFFF	192
92	#FFFFFF	11
93	#FFFFFF	11
94	#FFFFFF	11
95	#FFFFFF	11
96	#FFFFFF	11
98	#FFFFFF	192
99	#FFFFFF	192
100	#FFFFFF	983
101	#FFFFFF	983
102	#FFFFFF	983
103	#FFFFFF	983
104	#FFFFFF	983
105	#FFFFFF	192
106	#FFFFFF	983
107	#FFFFFF	983
108	#FFFFFF	192
109	#FFFFFF	192
110	#FFFFFF	192
111	#FFFFFF	833
112	#FFFFFF	192
113	#FFFFFF	192
114	#FFFFFF	192
116	#FFFFFF	192
117	#FFFFFF	192
118	#FFFFFF	192
119	#FFFFFF	192
120	#FFFFFF	192
121	#FFFFFF	192
122	#FFFFFF	192
123	#FFFFFF	192
124	#FFFFFF	192
125	#FFFFFF	192
127	#FFFFFF	192
128	#FFFFFF	192
129	#FFFFFF	983
130	#FFFFFF	983
131	#FFFFFF	192
132	#FFFFFF	192
133	#FFFFFF	192
134	#FFFFFF	192
135	#FFFFFF	192
136	#FFFFFF	192
138	#FFFFFF	192
139	#FFFFFF	192
140	#FFFFFF	192
141	#FFFFFF	192
142	#FFFFFF	192
143	#FFFFFF	11
144	#FFFFFF	11
145	#FFFFFF	11
146	#FFFFFF	11
147	#FFFFFF	983
148	#FFFFFF	192
149	#FFFFFF	192
150	#FFFFFF	983
151	#FFFFFF	983
152	#FFFFFF	55
153	#FFFFFF	55
154	#FFFFFF	55
155	#FFFFFF	983
156	#FFFFFF	192
157	#FFFFFF	192
158	#FFFFFF	192
159	#FFFFFF	192
160	#FFFFFF	192
161	#FFFFFF	192
162	#FFFFFF	192
163	#FFFFFF	192
164	#FFFFFF	192
165	#FFFFFF	55
166	#FFFFFF	192
167	#FFFFFF	192
168	#FFFFFF	192
169	#FFFFFF	192
170	#FFFFFF	192
171	#FFFFFF	192
172	#FFFFFF	192
173	#FFFFFF	192
174	#FFFFFF	192
175	#FFFFFF	192
176	#FFFFFF	983
177	#FFFFFF	192
178	#FFFFFF	983
179	#FFFFFF	192
180	#FFFFFF	983
181	#FFFFFF	983
182	#FFFFFF	983
183	#FFFFFF	983
184	#FFFFFF	983
185	#FFFFFF	983
186	#FFFFFF	111
187	#FFFFFF	983
188	#FFFFFF	111
189	#FFFFFF	983
190	#FFFFFF	983
191	#FFFFFF	983
192	#FFFFFF	983
193	#FFFFFF	983
194	#FFFFFF	11
195	#FFFFFF	11
196	#FFFFFF	11
197	#FFFFFF	11
198	#FFFFFF	983
199	#FFFFFF	983
200	#FFFFFF	983
201	#FFFFFF	983
202	#FFFFFF	983
203	#FFFFFF	55
204	#FFFFFF	983
205	#FFFFFF	55
206	#FFFFFF	983
207	#FFFFFF	192
208	#FFFFFF	192
209	#FFFFFF	192
210	#FFFFFF	192
211	#FFFFFF	192
212	#FFFFFF	192
213	#FFFFFF	192
214	#FFFFFF	192
215	#FFFFFF	192
216	#FFFFFF	55
217	#FFFFFF	192
218	#FFFFFF	192
219	#FFFFFF	192
220	#FFFFFF	192
221	#FFFFFF	192
222	#FFFFFF	192
223	#FFFFFF	192
224	#FFFFFF	192
225	#FFFFFF	192
226	#FFFFFF	192
227	#FFFFFF	983
228	#FFFFFF	983
229	#FFFFFF	192
230	#FFFFFF	983
231	#FFFFFF	192
232	#FFFFFF	983
233	#FFFFFF	983
234	#FFFFFF	983
235	#FFFFFF	983
236	#FFFFFF	111
237	#FFFFFF	111
238	#FFFFFF	983
239	#FFFFFF	111
240	#FFFFFF	983
241	#FFFFFF	983
242	#FFFFFF	983
243	#FFFFFF	983
244	#FFFFFF	11
245	#FFFFFF	11
246	#FFFFFF	11
247	#FFFFFF	11
248	#FFFFFF	983
249	#FFFFFF	983
250	#FFFFFF	983
251	#FFFFFF	983
252	#FFFFFF	983
253	#FFFFFF	55
254	#FFFFFF	55
255	#FFFFFF	983
256	#FFFFFF	983
257	#FFFFFF	983
258	#FFFFFF	192
259	#FFFFFF	192
260	#FFFFFF	192
261	#FFFFFF	192
262	#FFFFFF	192
263	#FFFFFF	192
264	#FFFFFF	192
265	#FFFFFF	192
266	#FFFFFF	55
267	#FFFFFF	192
268	#FFFFFF	192
269	#FFFFFF	192
270	#FFFFFF	192
271	#FFFFFF	192
272	#FFFFFF	192
273	#FFFFFF	192
274	#FFFFFF	192
275	#FFFFFF	192
276	#FFFFFF	192
277	#FFFFFF	983
278	#FFFFFF	192
279	#FFFFFF	192
280	#FFFFFF	983
281	#FFFFFF	192
282	#FFFFFF	192
283	#FFFFFF	983
284	#FFFFFF	983
285	#FFFFFF	983
286	#FFFFFF	983
287	#FFFFFF	111
288	#FFFFFF	983
289	#FFFFFF	111
290	#FFFFFF	983
291	#FFFFFF	111
292	#FFFFFF	983
293	#FFFFFF	983
294	#FFFFFF	983
295	#FFFFFF	11
296	#FFFFFF	11
297	#FFFFFF	11
298	#FFFFFF	11
299	#FFFFFF	983
300	#FFFFFF	983
301	#FFFFFF	983
302	#FFFFFF	192
303	#FFFFFF	983
304	#FFFFFF	55
305	#FFFFFF	55
306	#FFFFFF	983
307	#FFFFFF	983
308	#FFFFFF	192
309	#FFFFFF	192
310	#FFFFFF	192
311	#FFFFFF	192
312	#FFFFFF	192
313	#FFFFFF	192
314	#FFFFFF	192
315	#FFFFFF	192
316	#FFFFFF	192
317	#FFFFFF	983
318	#FFFFFF	192
319	#FFFFFF	192
320	#FFFFFF	192
321	#FFFFFF	192
322	#FFFFFF	192
323	#FFFFFF	192
324	#FFFFFF	192
325	#FFFFFF	192
326	#FFFFFF	192
327	#FFFFFF	192
328	#FFFFFF	983
329	#FFFFFF	192
330	#FFFFFF	192
331	#FFFFFF	192
332	#FFFFFF	192
333	#FFFFFF	983
334	#FFFFFF	983
335	#FFFFFF	983
336	#FFFFFF	983
337	#FFFFFF	111
338	#FFFFFF	111
339	#FFFFFF	983
340	#FFFFFF	111
341	#FFFFFF	111
342	#FFFFFF	983
343	#FFFFFF	983
344	#FFFFFF	983
345	#FFFFFF	11
346	#FFFFFF	11
347	#FFFFFF	11
348	#FFFFFF	11
349	#FFFFFF	983
350	#FFFFFF	983
351	#FFFFFF	983
352	#FFFFFF	192
353	#FFFFFF	983
354	#FFFFFF	55
355	#FFFFFF	983
356	#FFFFFF	983
357	#FFFFFF	983
358	#FFFFFF	983
359	#FFFFFF	192
360	#FFFFFF	192
361	#FFFFFF	192
362	#FFFFFF	192
363	#FFFFFF	192
364	#FFFFFF	192
365	#FFFFFF	192
366	#FFFFFF	192
367	#FFFFFF	983
368	#FFFFFF	192
369	#FFFFFF	192
370	#FFFFFF	192
371	#FFFFFF	192
372	#FFFFFF	192
373	#FFFFFF	192
374	#FFFFFF	192
375	#FFFFFF	192
376	#FFFFFF	192
377	#FFFFFF	192
378	#FFFFFF	983
379	#FFFFFF	192
380	#FFFFFF	192
381	#FFFFFF	192
382	#FFFFFF	192
383	#FFFFFF	192
384	#FFFFFF	983
385	#FFFFFF	983
386	#FFFFFF	983
387	#FFFFFF	983
388	#FFFFFF	111
389	#FFFFFF	983
390	#FFFFFF	111
391	#FFFFFF	111
392	#FFFFFF	983
393	#FFFFFF	983
394	#FFFFFF	111
395	#FFFFFF	983
396	#FFFFFF	983
397	#FFFFFF	11
398	#FFFFFF	11
399	#FFFFFF	11
400	#FFFFFF	983
401	#FFFFFF	983
402	#FFFFFF	192
403	#FFFFFF	983
404	#FFFFFF	192
405	#FFFFFF	55
406	#FFFFFF	983
407	#FFFFFF	983
408	#FFFFFF	983
409	#FFFFFF	983
410	#FFFFFF	192
411	#FFFFFF	983
412	#FFFFFF	983
413	#FFFFFF	192
414	#FFFFFF	192
415	#FFFFFF	192
416	#FFFFFF	192
417	#FFFFFF	192
418	#FFFFFF	983
419	#FFFFFF	192
420	#FFFFFF	192
421	#FFFFFF	192
422	#FFFFFF	192
423	#FFFFFF	192
424	#FFFFFF	192
425	#FFFFFF	192
426	#FFFFFF	192
427	#FFFFFF	192
428	#FFFFFF	192
429	#FFFFFF	983
430	#FFFFFF	192
431	#FFFFFF	192
432	#FFFFFF	192
433	#FFFFFF	192
434	#FFFFFF	983
435	#FFFFFF	983
436	#FFFFFF	983
437	#FFFFFF	983
438	#FFFFFF	111
439	#FFFFFF	111
440	#FFFFFF	983
441	#FFFFFF	111
442	#FFFFFF	983
443	#FFFFFF	983
444	#FFFFFF	111
445	#FFFFFF	111
446	#FFFFFF	983
447	#FFFFFF	111
448	#FFFFFF	11
449	#FFFFFF	11
450	#FFFFFF	983
451	#FFFFFF	192
452	#FFFFFF	192
453	#FFFFFF	192
454	#FFFFFF	192
455	#FFFFFF	55
456	#FFFFFF	983
457	#FFFFFF	983
458	#FFFFFF	192
459	#FFFFFF	983
460	#FFFFFF	192
461	#FFFFFF	983
462	#FFFFFF	983
463	#FFFFFF	192
464	#FFFFFF	192
465	#FFFFFF	192
466	#FFFFFF	192
467	#FFFFFF	192
468	#FFFFFF	983
469	#FFFFFF	192
470	#FFFFFF	192
471	#FFFFFF	192
472	#FFFFFF	192
473	#FFFFFF	192
474	#FFFFFF	192
475	#FFFFFF	192
476	#FFFFFF	192
477	#FFFFFF	192
478	#FFFFFF	192
479	#FFFFFF	983
480	#FFFFFF	192
481	#FFFFFF	192
482	#FFFFFF	192
483	#FFFFFF	192
484	#FFFFFF	983
485	#FFFFFF	983
486	#FFFFFF	983
487	#FFFFFF	983
488	#FFFFFF	983
489	#FFFFFF	111
490	#FFFFFF	983
491	#FFFFFF	111
492	#FFFFFF	111
493	#FFFFFF	111
494	#FFFFFF	111
495	#FFFFFF	983
496	#FFFFFF	983
497	#FFFFFF	983
498	#FFFFFF	111
499	#FFFFFF	111
500	#FFFFFF	11
501	#FFFFFF	983
502	#FFFFFF	192
503	#FFFFFF	192
504	#FFFFFF	192
505	#FFFFFF	192
506	#FFFFFF	55
507	#FFFFFF	983
508	#FFFFFF	983
509	#FFFFFF	192
510	#FFFFFF	983
511	#FFFFFF	983
512	#FFFFFF	983
513	#FFFFFF	983
514	#FFFFFF	192
515	#FFFFFF	192
516	#FFFFFF	192
517	#FFFFFF	192
518	#FFFFFF	192
519	#FFFFFF	983
520	#FFFFFF	192
521	#FFFFFF	192
522	#FFFFFF	192
523	#FFFFFF	192
524	#FFFFFF	192
525	#FFFFFF	192
526	#FFFFFF	192
527	#FFFFFF	192
528	#FFFFFF	192
529	#FFFFFF	192
530	#FFFFFF	983
531	#FFFFFF	192
532	#FFFFFF	192
533	#FFFFFF	192
534	#FFFFFF	192
535	#FFFFFF	983
536	#FFFFFF	983
537	#FFFFFF	983
538	#FFFFFF	983
539	#FFFFFF	111
540	#FFFFFF	111
541	#FFFFFF	983
542	#FFFFFF	111
543	#FFFFFF	111
544	#FFFFFF	111
545	#FFFFFF	111
546	#FFFFFF	983
547	#FFFFFF	983
548	#FFFFFF	983
549	#FFFFFF	111
550	#FFFFFF	111
551	#FFFFFF	192
552	#FFFFFF	192
553	#FFFFFF	192
554	#FFFFFF	192
555	#FFFFFF	192
556	#FFFFFF	55
557	#FFFFFF	55
558	#FFFFFF	983
559	#FFFFFF	192
560	#FFFFFF	192
561	#FFFFFF	983
562	#FFFFFF	983
563	#FFFFFF	983
564	#FFFFFF	192
565	#FFFFFF	192
566	#FFFFFF	192
567	#FFFFFF	192
568	#FFFFFF	192
569	#FFFFFF	983
570	#FFFFFF	192
571	#FFFFFF	192
572	#FFFFFF	192
573	#FFFFFF	192
574	#FFFFFF	192
575	#FFFFFF	192
576	#FFFFFF	192
577	#FFFFFF	192
578	#FFFFFF	192
579	#FFFFFF	192
580	#FFFFFF	983
581	#FFFFFF	192
582	#FFFFFF	192
583	#FFFFFF	192
584	#FFFFFF	192
585	#FFFFFF	192
586	#FFFFFF	983
587	#FFFFFF	983
588	#FFFFFF	111
589	#FFFFFF	983
590	#FFFFFF	111
591	#FFFFFF	983
592	#FFFFFF	111
593	#FFFFFF	111
594	#FFFFFF	111
595	#FFFFFF	111
596	#FFFFFF	111
597	#FFFFFF	983
598	#FFFFFF	983
599	#FFFFFF	111
600	#FFFFFF	111
601	#FFFFFF	11
602	#FFFFFF	983
603	#FFFFFF	192
604	#FFFFFF	192
605	#FFFFFF	192
606	#FFFFFF	192
607	#FFFFFF	55
608	#FFFFFF	55
609	#FFFFFF	55
610	#FFFFFF	192
611	#FFFFFF	192
612	#FFFFFF	192
613	#FFFFFF	192
614	#FFFFFF	983
615	#FFFFFF	192
616	#FFFFFF	192
617	#FFFFFF	192
618	#FFFFFF	983
619	#FFFFFF	983
620	#FFFFFF	983
621	#FFFFFF	192
622	#FFFFFF	192
623	#FFFFFF	192
624	#FFFFFF	192
625	#FFFFFF	192
626	#FFFFFF	192
627	#FFFFFF	192
628	#FFFFFF	192
629	#FFFFFF	192
630	#FFFFFF	192
631	#FFFFFF	983
632	#FFFFFF	192
633	#FFFFFF	192
634	#FFFFFF	192
635	#FFFFFF	192
636	#FFFFFF	192
637	#FFFFFF	983
638	#FFFFFF	111
639	#FFFFFF	111
640	#FFFFFF	111
641	#FFFFFF	111
642	#FFFFFF	983
643	#FFFFFF	111
644	#FFFFFF	111
645	#FFFFFF	983
646	#FFFFFF	983
647	#FFFFFF	983
648	#FFFFFF	983
649	#FFFFFF	111
650	#FFFFFF	111
651	#FFFFFF	11
652	#FFFFFF	192
653	#FFFFFF	192
654	#FFFFFF	192
655	#FFFFFF	192
656	#FFFFFF	192
657	#FFFFFF	55
658	#FFFFFF	55
659	#FFFFFF	55
660	#FFFFFF	192
661	#FFFFFF	192
662	#FFFFFF	192
663	#FFFFFF	192
664	#FFFFFF	192
665	#FFFFFF	192
666	#FFFFFF	983
667	#FFFFFF	983
668	#FFFFFF	192
669	#FFFFFF	983
670	#FFFFFF	983
671	#FFFFFF	983
672	#FFFFFF	983
673	#FFFFFF	192
674	#FFFFFF	192
675	#FFFFFF	192
676	#FFFFFF	192
677	#FFFFFF	192
678	#FFFFFF	192
679	#FFFFFF	192
680	#FFFFFF	192
681	#FFFFFF	983
682	#FFFFFF	192
683	#FFFFFF	192
684	#FFFFFF	192
685	#FFFFFF	983
686	#FFFFFF	983
687	#FFFFFF	983
688	#FFFFFF	983
689	#FFFFFF	111
690	#FFFFFF	111
691	#FFFFFF	111
692	#FFFFFF	983
693	#FFFFFF	111
694	#FFFFFF	111
695	#FFFFFF	111
696	#FFFFFF	983
697	#FFFFFF	983
698	#FFFFFF	111
699	#FFFFFF	983
700	#FFFFFF	111
701	#FFFFFF	111
702	#FFFFFF	111
703	#FFFFFF	192
704	#FFFFFF	192
705	#FFFFFF	192
706	#FFFFFF	192
707	#FFFFFF	192
708	#FFFFFF	55
709	#FFFFFF	983
710	#FFFFFF	55
711	#FFFFFF	192
712	#FFFFFF	192
713	#FFFFFF	192
714	#FFFFFF	192
715	#FFFFFF	192
716	#FFFFFF	983
717	#FFFFFF	983
718	#FFFFFF	983
719	#FFFFFF	983
720	#FFFFFF	983
721	#FFFFFF	983
722	#FFFFFF	983
723	#FFFFFF	983
724	#FFFFFF	192
725	#FFFFFF	192
726	#FFFFFF	192
727	#FFFFFF	192
728	#FFFFFF	192
729	#FFFFFF	192
730	#FFFFFF	192
731	#FFFFFF	192
732	#FFFFFF	983
733	#FFFFFF	192
734	#FFFFFF	192
735	#FFFFFF	192
736	#FFFFFF	983
737	#FFFFFF	983
738	#FFFFFF	111
739	#FFFFFF	111
740	#FFFFFF	111
741	#FFFFFF	111
742	#FFFFFF	111
743	#FFFFFF	983
744	#FFFFFF	111
745	#FFFFFF	111
746	#FFFFFF	983
747	#FFFFFF	983
748	#FFFFFF	111
749	#FFFFFF	111
750	#FFFFFF	111
751	#FFFFFF	111
752	#FFFFFF	111
753	#FFFFFF	192
754	#FFFFFF	192
755	#FFFFFF	192
756	#FFFFFF	192
757	#FFFFFF	192
758	#FFFFFF	55
759	#FFFFFF	983
760	#FFFFFF	983
761	#FFFFFF	192
762	#FFFFFF	192
763	#FFFFFF	192
764	#FFFFFF	192
765	#FFFFFF	192
766	#FFFFFF	983
767	#FFFFFF	192
768	#FFFFFF	983
769	#FFFFFF	983
770	#FFFFFF	983
771	#FFFFFF	983
772	#FFFFFF	983
773	#FFFFFF	192
774	#FFFFFF	192
775	#FFFFFF	192
776	#FFFFFF	192
777	#FFFFFF	192
778	#FFFFFF	192
779	#FFFFFF	192
780	#FFFFFF	192
781	#FFFFFF	192
782	#FFFFFF	983
783	#FFFFFF	983
784	#FFFFFF	983
785	#FFFFFF	192
786	#FFFFFF	983
787	#FFFFFF	983
788	#FFFFFF	983
789	#FFFFFF	111
790	#FFFFFF	111
791	#FFFFFF	111
792	#FFFFFF	111
793	#FFFFFF	983
794	#FFFFFF	111
795	#FFFFFF	111
796	#FFFFFF	111
797	#FFFFFF	111
798	#FFFFFF	111
799	#FFFFFF	111
800	#FFFFFF	111
801	#FFFFFF	111
802	#FFFFFF	111
803	#FFFFFF	111
804	#FFFFFF	192
805	#FFFFFF	192
806	#FFFFFF	192
807	#FFFFFF	192
808	#FFFFFF	192
809	#FFFFFF	55
810	#FFFFFF	983
811	#FFFFFF	983
812	#FFFFFF	192
813	#FFFFFF	192
814	#FFFFFF	192
815	#FFFFFF	983
816	#FFFFFF	983
817	#FFFFFF	983
818	#FFFFFF	192
819	#FFFFFF	983
820	#FFFFFF	983
821	#FFFFFF	983
822	#FFFFFF	55
823	#FFFFFF	192
824	#FFFFFF	192
825	#FFFFFF	192
826	#FFFFFF	192
827	#FFFFFF	192
828	#FFFFFF	192
829	#FFFFFF	192
830	#FFFFFF	192
831	#FFFFFF	192
832	#FFFFFF	983
833	#FFFFFF	983
834	#FFFFFF	983
835	#FFFFFF	983
836	#FFFFFF	192
837	#FFFFFF	983
838	#FFFFFF	983
839	#FFFFFF	111
840	#FFFFFF	111
841	#FFFFFF	111
842	#FFFFFF	111
843	#FFFFFF	111
844	#FFFFFF	983
845	#FFFFFF	111
846	#FFFFFF	111
847	#FFFFFF	111
848	#FFFFFF	111
849	#FFFFFF	111
850	#FFFFFF	111
851	#FFFFFF	983
852	#FFFFFF	983
853	#FFFFFF	111
854	#FFFFFF	983
855	#FFFFFF	192
856	#FFFFFF	192
857	#FFFFFF	192
858	#FFFFFF	192
859	#FFFFFF	55
860	#FFFFFF	55
861	#FFFFFF	55
862	#FFFFFF	192
863	#FFFFFF	192
864	#FFFFFF	192
865	#FFFFFF	192
866	#FFFFFF	983
867	#FFFFFF	192
868	#FFFFFF	192
869	#FFFFFF	983
870	#FFFFFF	983
871	#FFFFFF	983
872	#FFFFFF	55
873	#FFFFFF	983
874	#FFFFFF	983
875	#FFFFFF	192
876	#FFFFFF	192
877	#FFFFFF	192
878	#FFFFFF	192
879	#FFFFFF	192
880	#FFFFFF	192
881	#FFFFFF	192
882	#FFFFFF	192
883	#FFFFFF	983
884	#FFFFFF	983
885	#FFFFFF	983
886	#FFFFFF	192
887	#FFFFFF	983
888	#FFFFFF	983
889	#FFFFFF	111
890	#FFFFFF	111
891	#FFFFFF	111
892	#FFFFFF	111
893	#FFFFFF	111
894	#FFFFFF	983
895	#FFFFFF	111
896	#FFFFFF	111
897	#FFFFFF	111
898	#FFFFFF	111
899	#FFFFFF	111
900	#FFFFFF	111
901	#FFFFFF	983
902	#FFFFFF	983
903	#FFFFFF	983
904	#FFFFFF	111
905	#FFFFFF	983
906	#FFFFFF	983
907	#FFFFFF	192
908	#FFFFFF	192
909	#FFFFFF	192
910	#FFFFFF	55
911	#FFFFFF	55
912	#FFFFFF	55
913	#FFFFFF	192
914	#FFFFFF	192
915	#FFFFFF	192
916	#FFFFFF	192
917	#FFFFFF	192
918	#FFFFFF	192
919	#FFFFFF	983
920	#FFFFFF	983
921	#FFFFFF	983
922	#FFFFFF	983
923	#FFFFFF	983
924	#FFFFFF	983
925	#FFFFFF	983
926	#FFFFFF	192
927	#FFFFFF	192
928	#FFFFFF	983
929	#FFFFFF	192
930	#FFFFFF	192
931	#FFFFFF	192
932	#FFFFFF	192
933	#FFFFFF	192
934	#FFFFFF	983
935	#FFFFFF	983
936	#FFFFFF	192
937	#FFFFFF	983
938	#FFFFFF	983
939	#FFFFFF	111
940	#FFFFFF	111
941	#FFFFFF	111
942	#FFFFFF	111
943	#FFFFFF	111
944	#FFFFFF	111
945	#FFFFFF	983
946	#FFFFFF	111
947	#FFFFFF	111
948	#FFFFFF	111
949	#FFFFFF	111
950	#FFFFFF	111
951	#FFFFFF	983
952	#FFFFFF	983
953	#FFFFFF	983
954	#FFFFFF	983
955	#FFFFFF	983
956	#FFFFFF	983
957	#FFFFFF	192
958	#FFFFFF	192
959	#FFFFFF	192
960	#FFFFFF	55
961	#FFFFFF	55
962	#FFFFFF	55
963	#FFFFFF	192
964	#FFFFFF	192
965	#FFFFFF	192
966	#FFFFFF	192
967	#FFFFFF	192
968	#FFFFFF	983
969	#FFFFFF	983
970	#FFFFFF	983
971	#FFFFFF	983
972	#FFFFFF	983
973	#FFFFFF	55
974	#FFFFFF	983
975	#FFFFFF	983
976	#FFFFFF	983
977	#FFFFFF	192
978	#FFFFFF	983
979	#FFFFFF	192
980	#FFFFFF	192
981	#FFFFFF	192
982	#FFFFFF	192
983	#FFFFFF	192
984	#FFFFFF	983
985	#FFFFFF	983
986	#FFFFFF	983
987	#FFFFFF	983
988	#FFFFFF	983
989	#FFFFFF	111
990	#FFFFFF	111
991	#FFFFFF	111
992	#FFFFFF	111
993	#FFFFFF	111
994	#FFFFFF	111
995	#FFFFFF	983
996	#FFFFFF	111
997	#FFFFFF	111
998	#FFFFFF	111
999	#FFFFFF	111
1000	#FFFFFF	111
1001	#FFFFFF	983
1002	#FFFFFF	983
1003	#FFFFFF	983
1004	#FFFFFF	983
1005	#FFFFFF	983
1006	#FFFFFF	1248
1007	#FFFFFF	983
1008	#FFFFFF	983
1009	#FFFFFF	983
1010	#FFFFFF	192
1011	#FFFFFF	2781
1012	#FFFFFF	55
1013	#FFFFFF	55
1014	#FFFFFF	192
1015	#FFFFFF	192
1016	#FFFFFF	192
1017	#FFFFFF	192
1018	#FFFFFF	192
1019	#FFFFFF	983
1020	#FFFFFF	983
1021	#FFFFFF	983
1022	#FFFFFF	983
1023	#FFFFFF	983
1024	#FFFFFF	983
1025	#FFFFFF	983
1026	#FFFFFF	983
1027	#FFFFFF	983
1028	#FFFFFF	983
1029	#FFFFFF	192
1030	#FFFFFF	192
1031	#FFFFFF	192
1032	#FFFFFF	192
1033	#FFFFFF	192
1034	#FFFFFF	192
1035	#FFFFFF	1248
1036	#FFFFFF	983
1037	#FFFFFF	983
1038	#FFFFFF	983
1039	#FFFFFF	111
1040	#FFFFFF	111
1041	#FFFFFF	111
1042	#FFFFFF	111
1043	#FFFFFF	111
1044	#FFFFFF	111
1045	#FFFFFF	111
1046	#FFFFFF	1248
1047	#FFFFFF	111
1048	#FFFFFF	111
1049	#FFFFFF	111
1050	#FFFFFF	111
1051	#FFFFFF	111
1052	#FFFFFF	983
1053	#FFFFFF	983
1054	#FFFFFF	983
1055	#FFFFFF	983
1056	#FFFFFF	983
1057	#FFFFFF	983
1058	#FFFFFF	983
1059	#FFFFFF	192
1060	#FFFFFF	192
1061	#FFFFFF	55
1062	#FFFFFF	55
1063	#FFFFFF	55
1064	#FFFFFF	192
1065	#FFFFFF	192
1066	#FFFFFF	192
1067	#FFFFFF	192
1068	#FFFFFF	192
1069	#FFFFFF	192
1070	#FFFFFF	192
1071	#FFFFFF	983
1072	#FFFFFF	983
1073	#FFFFFF	983
1074	#FFFFFF	983
1075	#FFFFFF	983
1076	#FFFFFF	983
1077	#FFFFFF	983
1078	#FFFFFF	983
1079	#FFFFFF	983
1080	#FFFFFF	983
1081	#FFFFFF	983
1082	#FFFFFF	192
1083	#FFFFFF	192
1084	#FFFFFF	192
1085	#FFFFFF	983
1086	#FFFFFF	192
1087	#FFFFFF	192
1088	#FFFFFF	983
1089	#FFFFFF	983
1090	#FFFFFF	111
1091	#FFFFFF	111
1092	#FFFFFF	983
1093	#FFFFFF	111
1094	#FFFFFF	111
1095	#FFFFFF	111
1096	#FFFFFF	1248
1097	#FFFFFF	111
1098	#FFFFFF	111
1099	#FFFFFF	111
1100	#FFFFFF	111
1101	#FFFFFF	111
1102	#FFFFFF	983
1103	#FFFFFF	983
1104	#FFFFFF	983
1105	#FFFFFF	983
1106	#FFFFFF	111
1107	#FFFFFF	1248
1108	#FFFFFF	983
1109	#FFFFFF	983
1110	#FFFFFF	192
1111	#FFFFFF	192
1112	#FFFFFF	55
1113	#FFFFFF	55
1114	#FFFFFF	55
1115	#FFFFFF	192
1116	#FFFFFF	192
1117	#FFFFFF	192
1118	#FFFFFF	192
1119	#FFFFFF	192
1120	#FFFFFF	192
1121	#FFFFFF	192
1122	#FFFFFF	983
1123	#FFFFFF	983
1124	#FFFFFF	983
1125	#FFFFFF	55
1126	#FFFFFF	983
1127	#FFFFFF	983
1128	#FFFFFF	983
1129	#FFFFFF	983
1130	#FFFFFF	983
1131	#FFFFFF	983
1132	#FFFFFF	983
1133	#FFFFFF	192
1134	#FFFFFF	192
1135	#FFFFFF	192
1136	#FFFFFF	1248
1137	#FFFFFF	192
1138	#FFFFFF	192
1139	#FFFFFF	983
1140	#FFFFFF	111
1141	#FFFFFF	111
1142	#FFFFFF	983
1143	#FFFFFF	111
1144	#FFFFFF	111
1145	#FFFFFF	111
1146	#FFFFFF	111
1147	#FFFFFF	1248
1148	#FFFFFF	111
1149	#FFFFFF	111
1150	#FFFFFF	111
1151	#FFFFFF	111
1152	#FFFFFF	111
1153	#FFFFFF	983
1154	#FFFFFF	983
1155	#FFFFFF	983
1156	#FFFFFF	111
1157	#FFFFFF	1248
1158	#FFFFFF	983
1159	#FFFFFF	192
1160	#FFFFFF	192
1161	#FFFFFF	192
1162	#FFFFFF	55
1163	#FFFFFF	983
1164	#FFFFFF	983
1165	#FFFFFF	983
1166	#FFFFFF	192
1167	#FFFFFF	983
1168	#FFFFFF	192
1169	#FFFFFF	192
1170	#FFFFFF	192
1171	#FFFFFF	192
1172	#FFFFFF	192
1173	#FFFFFF	192
1174	#FFFFFF	192
1176	#FFFFFF	192
1177	#FFFFFF	192
1178	#FFFFFF	192
1179	#FFFFFF	192
1180	#FFFFFF	192
1181	#FFFFFF	192
1182	#FFFFFF	192
1183	#FFFFFF	192
1184	#FFFFFF	192
1185	#FFFFFF	192
1187	#FFFFFF	192
1188	#FFFFFF	192
1189	#FFFFFF	983
1190	#FFFFFF	983
1191	#FFFFFF	192
1192	#FFFFFF	192
1193	#FFFFFF	192
1194	#FFFFFF	192
1195	#FFFFFF	192
1196	#FFFFFF	192
1198	#FFFFFF	192
1199	#FFFFFF	192
1200	#FFFFFF	192
1201	#FFFFFF	192
1202	#FFFFFF	192
1203	#FFFFFF	11
1204	#FFFFFF	11
1205	#FFFFFF	11
1206	#FFFFFF	11
1207	#FFFFFF	11
1208	#FFFFFF	983
1209	#FFFFFF	192
1210	#FFFFFF	192
1211	#FFFFFF	983
1212	#FFFFFF	983
1213	#FFFFFF	55
1214	#FFFFFF	983
1216	#FFFFFF	192
1217	#FFFFFF	192
1218	#FFFFFF	192
1219	#FFFFFF	192
1220	#FFFFFF	192
1221	#FFFFFF	192
1222	#FFFFFF	192
1223	#FFFFFF	192
1224	#FFFFFF	192
1225	#FFFFFF	192
1227	#FFFFFF	192
1228	#FFFFFF	192
1229	#FFFFFF	192
1230	#FFFFFF	192
1231	#FFFFFF	192
1232	#FFFFFF	192
1233	#FFFFFF	192
1234	#FFFFFF	192
1235	#FFFFFF	192
1236	#FFFFFF	192
1238	#FFFFFF	192
1239	#FFFFFF	192
1240	#FFFFFF	983
1241	#FFFFFF	983
1242	#FFFFFF	983
1243	#FFFFFF	192
1244	#FFFFFF	192
1245	#FFFFFF	192
1246	#FFFFFF	192
1247	#FFFFFF	192
1248	#FFFFFF	983
1249	#FFFFFF	192
1250	#FFFFFF	192
1251	#FFFFFF	192
1252	#FFFFFF	192
1253	#FFFFFF	11
1254	#FFFFFF	11
1255	#FFFFFF	11
1256	#FFFFFF	11
1257	#FFFFFF	11
1258	#FFFFFF	983
1259	#FFFFFF	983
1260	#FFFFFF	983
1261	#FFFFFF	983
1262	#FFFFFF	983
1263	#FFFFFF	55
1264	#FFFFFF	55
1265	#FFFFFF	55
1266	#FFFFFF	192
1267	#FFFFFF	192
1268	#FFFFFF	192
1269	#FFFFFF	192
1270	#FFFFFF	192
1271	#FFFFFF	192
1272	#FFFFFF	983
1273	#FFFFFF	983
1274	#FFFFFF	983
1275	#FFFFFF	983
1276	#FFFFFF	55
1277	#FFFFFF	983
1278	#FFFFFF	983
1279	#FFFFFF	983
1280	#FFFFFF	983
1281	#FFFFFF	983
1282	#FFFFFF	983
1283	#FFFFFF	983
1284	#FFFFFF	983
1285	#FFFFFF	192
1286	#FFFFFF	983
1287	#FFFFFF	983
1288	#FFFFFF	192
1289	#FFFFFF	192
1290	#FFFFFF	192
1291	#FFFFFF	983
1292	#FFFFFF	111
1293	#FFFFFF	111
1294	#FFFFFF	983
1295	#FFFFFF	111
1296	#FFFFFF	111
1297	#FFFFFF	111
1298	#FFFFFF	1248
1299	#FFFFFF	111
1300	#FFFFFF	111
1301	#FFFFFF	111
1302	#FFFFFF	111
1303	#FFFFFF	111
1304	#FFFFFF	983
1305	#FFFFFF	983
1306	#FFFFFF	983
1307	#FFFFFF	111
1308	#FFFFFF	111
1309	#FFFFFF	1248
1310	#FFFFFF	1248
1311	#FFFFFF	983
1312	#FFFFFF	983
1313	#FFFFFF	192
1314	#FFFFFF	983
1315	#FFFFFF	983
1316	#FFFFFF	983
1317	#FFFFFF	192
1318	#FFFFFF	192
1319	#FFFFFF	192
1320	#FFFFFF	192
1321	#FFFFFF	192
1322	#FFFFFF	192
1323	#FFFFFF	983
1324	#FFFFFF	983
1325	#FFFFFF	983
1326	#FFFFFF	983
1327	#FFFFFF	55
1328	#FFFFFF	983
1329	#FFFFFF	983
1330	#FFFFFF	983
1331	#FFFFFF	983
1332	#FFFFFF	983
1333	#FFFFFF	983
1334	#FFFFFF	983
1335	#FFFFFF	983
1336	#FFFFFF	192
1337	#FFFFFF	983
1338	#FFFFFF	983
1339	#FFFFFF	192
1340	#FFFFFF	983
1341	#FFFFFF	983
1342	#FFFFFF	111
1343	#FFFFFF	111
1344	#FFFFFF	983
1345	#FFFFFF	983
1346	#FFFFFF	111
1347	#FFFFFF	111
1348	#FFFFFF	111
1349	#FFFFFF	983
1350	#FFFFFF	111
1351	#FFFFFF	111
1352	#FFFFFF	111
1353	#FFFFFF	983
1354	#FFFFFF	111
1355	#FFFFFF	983
1356	#FFFFFF	983
1357	#FFFFFF	111
1358	#FFFFFF	111
1359	#FFFFFF	1248
1360	#FFFFFF	1248
1361	#FFFFFF	983
1362	#FFFFFF	983
1363	#FFFFFF	983
1364	#FFFFFF	983
1365	#FFFFFF	983
1366	#FFFFFF	983
1367	#FFFFFF	983
1368	#FFFFFF	192
1369	#FFFFFF	192
1370	#FFFFFF	192
1371	#FFFFFF	192
1372	#FFFFFF	192
1373	#FFFFFF	983
1374	#FFFFFF	983
1375	#FFFFFF	983
1376	#FFFFFF	983
1377	#FFFFFF	983
1378	#FFFFFF	983
1379	#FFFFFF	983
1380	#FFFFFF	983
1381	#FFFFFF	983
1382	#FFFFFF	983
1383	#FFFFFF	983
1384	#FFFFFF	983
1385	#FFFFFF	983
1386	#FFFFFF	983
1387	#FFFFFF	983
1388	#FFFFFF	55
1389	#FFFFFF	983
1390	#FFFFFF	192
1391	#FFFFFF	983
1392	#FFFFFF	983
1393	#FFFFFF	111
1394	#FFFFFF	111
1395	#FFFFFF	983
1396	#FFFFFF	983
1397	#FFFFFF	111
1398	#FFFFFF	111
1399	#FFFFFF	983
1400	#FFFFFF	111
1401	#FFFFFF	111
1402	#FFFFFF	111
1403	#FFFFFF	111
1404	#FFFFFF	983
1405	#FFFFFF	983
1406	#FFFFFF	983
1407	#FFFFFF	983
1408	#FFFFFF	111
1409	#FFFFFF	111
1410	#FFFFFF	1248
1411	#FFFFFF	983
1412	#FFFFFF	1248
1413	#FFFFFF	983
1414	#FFFFFF	983
1415	#FFFFFF	983
1416	#FFFFFF	983
1417	#FFFFFF	983
1418	#FFFFFF	983
1419	#FFFFFF	192
1420	#FFFFFF	192
1421	#FFFFFF	192
1422	#FFFFFF	192
1423	#FFFFFF	192
1424	#FFFFFF	983
1425	#FFFFFF	983
1426	#FFFFFF	983
1427	#FFFFFF	983
1428	#FFFFFF	55
1429	#FFFFFF	983
1430	#FFFFFF	983
1431	#FFFFFF	983
1432	#FFFFFF	983
1433	#FFFFFF	983
1434	#FFFFFF	983
1435	#FFFFFF	983
1436	#FFFFFF	983
1437	#FFFFFF	983
1438	#FFFFFF	983
1439	#FFFFFF	983
1440	#FFFFFF	983
1441	#FFFFFF	192
1442	#FFFFFF	983
1443	#FFFFFF	111
1444	#FFFFFF	111
1445	#FFFFFF	983
1446	#FFFFFF	983
1447	#FFFFFF	983
1448	#FFFFFF	983
1449	#FFFFFF	111
1450	#FFFFFF	983
1451	#FFFFFF	111
1452	#FFFFFF	111
1453	#FFFFFF	111
1454	#FFFFFF	111
1455	#FFFFFF	983
1456	#FFFFFF	983
1457	#FFFFFF	983
1458	#FFFFFF	983
1459	#FFFFFF	111
1460	#FFFFFF	983
1461	#FFFFFF	1248
1462	#FFFFFF	1248
1463	#FFFFFF	983
1464	#FFFFFF	983
1465	#FFFFFF	55
1466	#FFFFFF	983
1467	#FFFFFF	983
1468	#FFFFFF	983
1469	#FFFFFF	983
1470	#FFFFFF	192
1471	#FFFFFF	192
1472	#FFFFFF	192
1473	#FFFFFF	192
1474	#FFFFFF	192
1475	#FFFFFF	983
1476	#FFFFFF	983
1477	#FFFFFF	983
1478	#FFFFFF	55
1479	#FFFFFF	983
1480	#FFFFFF	983
1481	#FFFFFF	983
1482	#FFFFFF	983
1483	#FFFFFF	983
1484	#FFFFFF	983
1485	#FFFFFF	983
1486	#FFFFFF	983
1487	#FFFFFF	983
1488	#FFFFFF	983
1489	#FFFFFF	55
1490	#FFFFFF	983
1491	#FFFFFF	983
1492	#FFFFFF	192
1493	#FFFFFF	983
1494	#FFFFFF	111
1495	#FFFFFF	111
1496	#FFFFFF	983
1497	#FFFFFF	983
1498	#FFFFFF	983
1499	#FFFFFF	111
1500	#FFFFFF	983
1501	#FFFFFF	111
1502	#FFFFFF	111
1503	#FFFFFF	111
1504	#FFFFFF	111
1505	#FFFFFF	983
1506	#FFFFFF	983
1507	#FFFFFF	983
1508	#FFFFFF	983
1509	#FFFFFF	111
1510	#FFFFFF	111
1511	#FFFFFF	983
1512	#FFFFFF	983
1513	#FFFFFF	1248
1514	#FFFFFF	1248
1515	#FFFFFF	983
1516	#FFFFFF	983
1517	#FFFFFF	983
1518	#FFFFFF	55
1519	#FFFFFF	983
1520	#FFFFFF	983
1521	#FFFFFF	983
1522	#FFFFFF	192
1523	#FFFFFF	192
1524	#FFFFFF	192
1525	#FFFFFF	192
1526	#FFFFFF	983
1527	#FFFFFF	983
1528	#FFFFFF	983
1529	#FFFFFF	55
1530	#FFFFFF	983
1531	#FFFFFF	983
1532	#FFFFFF	983
1533	#FFFFFF	983
1534	#FFFFFF	983
1535	#FFFFFF	983
1536	#FFFFFF	983
1537	#FFFFFF	983
1538	#FFFFFF	983
1539	#FFFFFF	983
1540	#FFFFFF	983
1541	#FFFFFF	983
1542	#FFFFFF	983
1543	#FFFFFF	983
1544	#FFFFFF	983
1545	#FFFFFF	983
1546	#FFFFFF	983
1547	#FFFFFF	983
1548	#FFFFFF	983
1549	#FFFFFF	983
1550	#FFFFFF	111
1551	#FFFFFF	1967
1552	#FFFFFF	111
1553	#FFFFFF	111
1554	#FFFFFF	111
1555	#FFFFFF	111
1556	#FFFFFF	983
1557	#FFFFFF	983
1558	#FFFFFF	111
1559	#FFFFFF	111
1560	#FFFFFF	111
1561	#FFFFFF	1248
1562	#FFFFFF	1248
1563	#FFFFFF	983
1564	#FFFFFF	983
1565	#FFFFFF	983
1566	#FFFFFF	983
1567	#FFFFFF	983
1568	#FFFFFF	983
1569	#FFFFFF	983
1570	#FFFFFF	983
1571	#FFFFFF	983
1572	#FFFFFF	192
1573	#FFFFFF	192
1574	#FFFFFF	983
1575	#FFFFFF	983
1576	#FFFFFF	983
1577	#FFFFFF	983
1578	#FFFFFF	983
1579	#FFFFFF	55
1580	#FFFFFF	983
1581	#FFFFFF	983
1582	#FFFFFF	983
1583	#FFFFFF	983
1584	#FFFFFF	983
1585	#FFFFFF	983
1586	#FFFFFF	983
1587	#FFFFFF	983
1588	#FFFFFF	983
1589	#FFFFFF	983
1590	#FFFFFF	983
1591	#FFFFFF	983
1592	#FFFFFF	983
1593	#FFFFFF	983
1594	#FFFFFF	983
1595	#FFFFFF	983
1596	#FFFFFF	983
1597	#FFFFFF	983
1598	#FFFFFF	983
1599	#FFFFFF	983
1600	#FFFFFF	111
1601	#FFFFFF	1967
1602	#FFFFFF	111
1603	#FFFFFF	111
1604	#FFFFFF	111
1605	#FFFFFF	111
1606	#FFFFFF	983
1607	#FFFFFF	983
1608	#FFFFFF	983
1609	#FFFFFF	111
1610	#FFFFFF	111
1611	#FFFFFF	111
1612	#FFFFFF	983
1613	#FFFFFF	1248
1614	#FFFFFF	983
1615	#FFFFFF	983
1616	#FFFFFF	983
1617	#FFFFFF	983
1618	#FFFFFF	983
1619	#FFFFFF	983
1620	#FFFFFF	1062
1621	#FFFFFF	983
1622	#FFFFFF	983
1623	#FFFFFF	983
1624	#FFFFFF	983
1625	#FFFFFF	983
1626	#FFFFFF	983
1627	#FFFFFF	983
1628	#FFFFFF	983
1629	#FFFFFF	983
1630	#FFFFFF	983
1631	#FFFFFF	983
1632	#FFFFFF	983
1633	#FFFFFF	983
1634	#FFFFFF	983
1635	#FFFFFF	983
1636	#FFFFFF	983
1637	#FFFFFF	983
1638	#FFFFFF	983
1639	#FFFFFF	983
1640	#FFFFFF	983
1641	#FFFFFF	1967
1642	#FFFFFF	983
1643	#FFFFFF	983
1644	#FFFFFF	983
1645	#FFFFFF	983
1646	#FFFFFF	983
1647	#FFFFFF	983
1648	#FFFFFF	983
1649	#FFFFFF	983
1650	#FFFFFF	111
1651	#FFFFFF	111
1652	#FFFFFF	1967
1653	#FFFFFF	111
1654	#FFFFFF	111
1655	#FFFFFF	111
1656	#FFFFFF	111
1657	#FFFFFF	983
1658	#FFFFFF	983
1659	#FFFFFF	983
1660	#FFFFFF	111
1661	#FFFFFF	111
1662	#FFFFFF	983
1663	#FFFFFF	983
1664	#FFFFFF	983
1665	#FFFFFF	1062
1666	#FFFFFF	1062
1667	#FFFFFF	983
1668	#FFFFFF	983
1669	#FFFFFF	1967
1670	#FFFFFF	1062
1671	#FFFFFF	983
1672	#FFFFFF	983
1673	#FFFFFF	983
1674	#FFFFFF	983
1675	#FFFFFF	983
1676	#FFFFFF	983
1677	#FFFFFF	983
1678	#FFFFFF	983
1679	#FFFFFF	983
1680	#FFFFFF	983
1681	#FFFFFF	983
1682	#FFFFFF	983
1683	#FFFFFF	983
1684	#FFFFFF	983
1685	#FFFFFF	983
1686	#FFFFFF	983
1687	#FFFFFF	983
1688	#FFFFFF	983
1689	#FFFFFF	983
1690	#FFFFFF	983
1691	#FFFFFF	1967
1692	#FFFFFF	983
1693	#FFFFFF	983
1694	#FFFFFF	983
1695	#FFFFFF	983
1696	#FFFFFF	983
1697	#FFFFFF	983
1698	#FFFFFF	983
1699	#FFFFFF	983
1700	#FFFFFF	111
1701	#FFFFFF	111
1702	#FFFFFF	1967
1703	#FFFFFF	111
1704	#FFFFFF	111
1705	#FFFFFF	111
1706	#FFFFFF	111
1707	#FFFFFF	111
1708	#FFFFFF	983
1709	#FFFFFF	983
1710	#FFFFFF	111
1711	#FFFFFF	111
1712	#FFFFFF	111
1713	#FFFFFF	1967
1714	#FFFFFF	983
1715	#FFFFFF	983
1716	#FFFFFF	983
1717	#FFFFFF	1062
1718	#FFFFFF	983
1719	#FFFFFF	983
1720	#FFFFFF	1967
1721	#FFFFFF	983
1722	#FFFFFF	983
1723	#FFFFFF	983
1724	#FFFFFF	983
1725	#FFFFFF	983
1726	#FFFFFF	983
1727	#FFFFFF	983
1728	#FFFFFF	983
1729	#FFFFFF	983
1730	#FFFFFF	983
1731	#FFFFFF	983
1732	#FFFFFF	983
1733	#FFFFFF	983
1734	#FFFFFF	983
1735	#FFFFFF	983
1736	#FFFFFF	983
1737	#FFFFFF	983
1738	#FFFFFF	983
1739	#FFFFFF	983
1740	#FFFFFF	983
1741	#FFFFFF	983
1742	#FFFFFF	1967
1743	#FFFFFF	983
1744	#FFFFFF	983
1745	#FFFFFF	983
1746	#FFFFFF	983
1747	#FFFFFF	983
1748	#FFFFFF	983
1749	#FFFFFF	983
1750	#FFFFFF	983
1751	#FFFFFF	111
1752	#FFFFFF	111
1753	#FFFFFF	983
1754	#FFFFFF	111
1755	#FFFFFF	111
1756	#FFFFFF	111
1757	#FFFFFF	111
1758	#FFFFFF	111
1759	#FFFFFF	983
1760	#FFFFFF	111
1761	#FFFFFF	111
1762	#FFFFFF	111
1763	#FFFFFF	983
1764	#FFFFFF	983
1765	#FFFFFF	983
1766	#FFFFFF	1062
1767	#FFFFFF	1062
1768	#FFFFFF	1967
1769	#FFFFFF	1967
1770	#FFFFFF	983
1771	#FFFFFF	1062
1772	#FFFFFF	1062
1773	#FFFFFF	983
1774	#FFFFFF	983
1775	#FFFFFF	983
1776	#FFFFFF	983
1777	#FFFFFF	983
1778	#FFFFFF	983
1779	#FFFFFF	983
1780	#FFFFFF	983
1781	#FFFFFF	1967
1782	#FFFFFF	983
1783	#FFFFFF	983
1784	#FFFFFF	983
1785	#FFFFFF	983
1786	#FFFFFF	983
1787	#FFFFFF	983
1788	#FFFFFF	983
1789	#FFFFFF	983
1790	#FFFFFF	983
1791	#FFFFFF	983
1792	#FFFFFF	1967
1793	#FFFFFF	983
1794	#FFFFFF	983
1795	#FFFFFF	983
1796	#FFFFFF	983
1797	#FFFFFF	983
1798	#FFFFFF	983
1799	#FFFFFF	983
1800	#FFFFFF	983
1801	#FFFFFF	983
1802	#FFFFFF	983
1803	#FFFFFF	1967
1804	#FFFFFF	111
1805	#FFFFFF	111
1806	#FFFFFF	111
1807	#FFFFFF	111
1808	#FFFFFF	983
1809	#FFFFFF	983
1810	#FFFFFF	111
1811	#FFFFFF	111
1812	#FFFFFF	111
1813	#FFFFFF	111
1814	#FFFFFF	983
1815	#FFFFFF	983
1816	#FFFFFF	983
1817	#FFFFFF	1062
1818	#FFFFFF	1062
1819	#FFFFFF	1967
1820	#FFFFFF	1967
1821	#FFFFFF	1967
1822	#FFFFFF	1062
1823	#FFFFFF	983
1824	#FFFFFF	983
1825	#FFFFFF	983
1826	#FFFFFF	983
1827	#FFFFFF	983
1828	#FFFFFF	983
1829	#FFFFFF	983
1830	#FFFFFF	983
1831	#FFFFFF	983
1832	#FFFFFF	1967
1833	#FFFFFF	983
1834	#FFFFFF	983
1835	#FFFFFF	983
1836	#FFFFFF	983
1837	#FFFFFF	983
1838	#FFFFFF	983
1839	#FFFFFF	983
1840	#FFFFFF	983
1841	#FFFFFF	983
1842	#FFFFFF	983
1843	#FFFFFF	1967
1844	#FFFFFF	983
1845	#FFFFFF	983
1846	#FFFFFF	983
1847	#FFFFFF	983
1848	#FFFFFF	983
1849	#FFFFFF	983
1850	#FFFFFF	983
1851	#FFFFFF	983
1852	#FFFFFF	983
1853	#FFFFFF	983
1854	#FFFFFF	1967
1855	#FFFFFF	111
1856	#FFFFFF	111
1857	#FFFFFF	111
1858	#FFFFFF	983
1859	#FFFFFF	983
1860	#FFFFFF	983
1861	#FFFFFF	983
1862	#FFFFFF	111
1863	#FFFFFF	111
1864	#FFFFFF	983
1865	#FFFFFF	983
1866	#FFFFFF	1062
1867	#FFFFFF	983
1868	#FFFFFF	1062
1869	#FFFFFF	983
1870	#FFFFFF	983
1871	#FFFFFF	1967
1872	#FFFFFF	1062
1873	#FFFFFF	983
1874	#FFFFFF	983
1875	#FFFFFF	983
1876	#FFFFFF	983
1877	#FFFFFF	983
1878	#FFFFFF	983
1879	#FFFFFF	983
1880	#FFFFFF	983
1881	#FFFFFF	983
1882	#FFFFFF	1967
1883	#FFFFFF	983
1884	#FFFFFF	983
1885	#FFFFFF	983
1886	#FFFFFF	983
1887	#FFFFFF	983
1888	#FFFFFF	983
1889	#FFFFFF	983
1890	#FFFFFF	983
1891	#FFFFFF	983
1892	#FFFFFF	983
1893	#FFFFFF	983
1894	#FFFFFF	983
1895	#FFFFFF	983
1896	#FFFFFF	983
1897	#FFFFFF	983
1898	#FFFFFF	983
1899	#FFFFFF	983
1900	#FFFFFF	983
1901	#FFFFFF	983
1902	#FFFFFF	983
1903	#FFFFFF	983
1904	#FFFFFF	1967
1905	#FFFFFF	111
1906	#FFFFFF	111
1907	#FFFFFF	111
1908	#FFFFFF	983
1909	#FFFFFF	983
1910	#FFFFFF	111
1911	#FFFFFF	983
1912	#FFFFFF	111
1913	#FFFFFF	111
1914	#FFFFFF	111
1915	#FFFFFF	1967
1916	#FFFFFF	983
1917	#FFFFFF	983
1918	#FFFFFF	983
1919	#FFFFFF	1062
1920	#FFFFFF	983
1921	#FFFFFF	1967
1922	#FFFFFF	1967
1923	#FFFFFF	1062
1924	#FFFFFF	983
1925	#FFFFFF	983
1926	#FFFFFF	983
1927	#FFFFFF	983
1928	#FFFFFF	983
1929	#FFFFFF	983
1930	#FFFFFF	983
1931	#FFFFFF	983
1932	#FFFFFF	983
1933	#FFFFFF	983
1934	#FFFFFF	983
1935	#FFFFFF	983
1936	#FFFFFF	983
1937	#FFFFFF	983
1938	#FFFFFF	983
1939	#FFFFFF	983
1940	#FFFFFF	983
1941	#FFFFFF	983
1942	#FFFFFF	983
1943	#FFFFFF	983
1944	#FFFFFF	1967
1945	#FFFFFF	983
1946	#FFFFFF	983
1947	#FFFFFF	983
1948	#FFFFFF	983
1949	#FFFFFF	983
1950	#FFFFFF	983
1951	#FFFFFF	983
1952	#FFFFFF	983
1953	#FFFFFF	983
1954	#FFFFFF	983
1955	#FFFFFF	1967
1956	#FFFFFF	111
1957	#FFFFFF	111
1958	#FFFFFF	983
1959	#FFFFFF	983
1960	#FFFFFF	111
1961	#FFFFFF	111
1962	#FFFFFF	111
1963	#FFFFFF	111
1964	#FFFFFF	111
1965	#FFFFFF	983
1966	#FFFFFF	983
1967	#FFFFFF	983
1968	#FFFFFF	983
1969	#FFFFFF	1062
1970	#FFFFFF	983
1971	#FFFFFF	1967
1972	#FFFFFF	1967
1973	#FFFFFF	1062
1974	#FFFFFF	1062
1975	#FFFFFF	983
1976	#FFFFFF	983
1977	#FFFFFF	983
1978	#FFFFFF	983
1979	#FFFFFF	983
1980	#FFFFFF	983
1981	#FFFFFF	983
1982	#FFFFFF	983
1983	#FFFFFF	983
1984	#FFFFFF	983
1985	#FFFFFF	983
1986	#FFFFFF	983
1987	#FFFFFF	983
1988	#FFFFFF	983
1989	#FFFFFF	983
1990	#FFFFFF	983
1991	#FFFFFF	983
1992	#FFFFFF	983
1993	#FFFFFF	983
1994	#FFFFFF	1967
1995	#FFFFFF	983
1996	#FFFFFF	983
1997	#FFFFFF	983
1998	#FFFFFF	983
1999	#FFFFFF	983
2000	#FFFFFF	983
2001	#FFFFFF	983
2002	#FFFFFF	983
2003	#FFFFFF	983
2004	#FFFFFF	983
2005	#FFFFFF	1967
2006	#FFFFFF	983
2007	#FFFFFF	111
2008	#FFFFFF	983
2009	#FFFFFF	983
2010	#FFFFFF	983
2011	#FFFFFF	111
2012	#FFFFFF	111
2013	#FFFFFF	111
2014	#FFFFFF	111
2016	#FFFFFF	983
2017	#FFFFFF	983
2018	#FFFFFF	1062
2019	#FFFFFF	1062
2020	#FFFFFF	983
2021	#FFFFFF	983
2022	#FFFFFF	983
2023	#FFFFFF	983
2024	#FFFFFF	1062
2025	#FFFFFF	1062
2026	#FFFFFF	983
2027	#FFFFFF	983
2028	#FFFFFF	983
2029	#FFFFFF	983
2030	#FFFFFF	983
2031	#FFFFFF	983
2032	#FFFFFF	983
2033	#FFFFFF	983
2034	#FFFFFF	1967
2035	#FFFFFF	983
2036	#FFFFFF	983
2037	#FFFFFF	983
2038	#FFFFFF	983
2039	#FFFFFF	983
2040	#FFFFFF	983
2041	#FFFFFF	983
2042	#FFFFFF	983
2043	#FFFFFF	983
2044	#FFFFFF	983
2045	#FFFFFF	1967
2046	#FFFFFF	983
2047	#FFFFFF	983
2048	#FFFFFF	983
2049	#FFFFFF	983
2050	#FFFFFF	947
2051	#FFFFFF	983
2052	#FFFFFF	983
2053	#FFFFFF	983
2054	#FFFFFF	983
2055	#FFFFFF	983
2056	#FFFFFF	1967
2057	#FFFFFF	983
2058	#FFFFFF	111
2059	#FFFFFF	983
2060	#FFFFFF	983
2061	#FFFFFF	111
2062	#FFFFFF	111
2063	#FFFFFF	111
2064	#FFFFFF	111
2065	#FFFFFF	111
2066	#FFFFFF	983
2067	#FFFFFF	1062
2068	#FFFFFF	1062
2069	#FFFFFF	983
2070	#FFFFFF	983
2071	#FFFFFF	983
2072	#FFFFFF	983
2073	#FFFFFF	983
2074	#FFFFFF	1062
2075	#FFFFFF	1062
2076	#FFFFFF	983
2077	#FFFFFF	983
2078	#FFFFFF	983
2079	#FFFFFF	983
2080	#FFFFFF	983
2081	#FFFFFF	983
2082	#FFFFFF	983
2083	#FFFFFF	983
2084	#FFFFFF	983
2085	#FFFFFF	983
2086	#FFFFFF	983
2087	#FFFFFF	983
2088	#FFFFFF	983
2089	#FFFFFF	983
2090	#FFFFFF	983
2091	#FFFFFF	983
2092	#FFFFFF	983
2093	#FFFFFF	983
2094	#FFFFFF	983
2095	#FFFFFF	983
2096	#FFFFFF	983
2097	#FFFFFF	983
2098	#FFFFFF	983
2099	#FFFFFF	983
2100	#FFFFFF	947
2101	#FFFFFF	983
2102	#FFFFFF	983
2103	#FFFFFF	983
2104	#FFFFFF	983
2105	#FFFFFF	983
2106	#FFFFFF	1967
2107	#FFFFFF	983
2108	#FFFFFF	983
2109	#FFFFFF	983
2110	#FFFFFF	983
2111	#FFFFFF	111
2112	#FFFFFF	111
2113	#FFFFFF	111
2114	#FFFFFF	111
2115	#FFFFFF	111
2116	#FFFFFF	111
2117	#FFFFFF	983
2118	#FFFFFF	983
2119	#FFFFFF	1062
2120	#FFFFFF	1062
2121	#FFFFFF	983
2122	#FFFFFF	983
2123	#FFFFFF	983
2124	#FFFFFF	1967
2125	#FFFFFF	1062
2126	#FFFFFF	983
2127	#FFFFFF	983
2128	#FFFFFF	983
2129	#FFFFFF	983
2130	#FFFFFF	983
2131	#FFFFFF	983
2132	#FFFFFF	983
2133	#FFFFFF	983
2134	#FFFFFF	983
2135	#FFFFFF	983
2136	#FFFFFF	983
2137	#FFFFFF	983
2138	#FFFFFF	983
2139	#FFFFFF	983
2140	#FFFFFF	983
2141	#FFFFFF	983
2142	#FFFFFF	983
2143	#FFFFFF	983
2144	#FFFFFF	983
2145	#FFFFFF	983
2146	#FFFFFF	1967
2147	#FFFFFF	983
2148	#FFFFFF	983
2149	#FFFFFF	983
2150	#FFFFFF	983
2151	#FFFFFF	947
2152	#FFFFFF	947
2153	#FFFFFF	983
2154	#FFFFFF	983
2155	#FFFFFF	983
2156	#FFFFFF	983
2157	#FFFFFF	1967
2158	#FFFFFF	947
2159	#FFFFFF	983
2160	#FFFFFF	111
2161	#FFFFFF	983
2162	#FFFFFF	111
2163	#FFFFFF	111
2164	#FFFFFF	983
2165	#FFFFFF	111
2166	#FFFFFF	111
2167	#FFFFFF	983
2168	#FFFFFF	1062
2169	#FFFFFF	1062
2170	#FFFFFF	983
2171	#FFFFFF	1062
2172	#FFFFFF	983
2173	#FFFFFF	983
2174	#FFFFFF	983
2175	#FFFFFF	1062
2176	#FFFFFF	1062
2177	#FFFFFF	983
2178	#FFFFFF	983
2179	#FFFFFF	983
2180	#FFFFFF	983
2181	#FFFFFF	983
2182	#FFFFFF	983
2183	#FFFFFF	983
2184	#FFFFFF	983
2185	#FFFFFF	1967
2186	#FFFFFF	983
2187	#FFFFFF	983
2188	#FFFFFF	983
2189	#FFFFFF	983
2190	#FFFFFF	983
2191	#FFFFFF	983
2192	#FFFFFF	983
2193	#FFFFFF	983
2194	#FFFFFF	983
2195	#FFFFFF	983
2196	#FFFFFF	1967
2197	#FFFFFF	983
2198	#FFFFFF	983
2199	#FFFFFF	983
2200	#FFFFFF	983
2201	#FFFFFF	947
2202	#FFFFFF	947
2203	#FFFFFF	947
2204	#FFFFFF	947
2205	#FFFFFF	947
2206	#FFFFFF	983
2207	#FFFFFF	983
2208	#FFFFFF	947
2209	#FFFFFF	947
2210	#FFFFFF	983
2211	#FFFFFF	111
2212	#FFFFFF	111
2213	#FFFFFF	111
2214	#FFFFFF	983
2215	#FFFFFF	111
2216	#FFFFFF	111
2217	#FFFFFF	111
2218	#FFFFFF	983
2219	#FFFFFF	983
2220	#FFFFFF	1062
2221	#FFFFFF	1062
2222	#FFFFFF	1062
2223	#FFFFFF	983
2224	#FFFFFF	983
2225	#FFFFFF	983
2226	#FFFFFF	983
2227	#FFFFFF	983
2228	#FFFFFF	983
2229	#FFFFFF	983
2230	#FFFFFF	983
2231	#FFFFFF	983
2232	#FFFFFF	983
2233	#FFFFFF	983
2234	#FFFFFF	983
2235	#FFFFFF	983
2236	#FFFFFF	1967
2237	#FFFFFF	983
2238	#FFFFFF	983
2239	#FFFFFF	983
2240	#FFFFFF	983
2241	#FFFFFF	983
2242	#FFFFFF	983
2243	#FFFFFF	983
2244	#FFFFFF	983
2245	#FFFFFF	983
2246	#FFFFFF	983
2247	#FFFFFF	983
2248	#FFFFFF	983
2249	#FFFFFF	983
2250	#FFFFFF	983
2251	#FFFFFF	947
2252	#FFFFFF	947
2253	#FFFFFF	947
2254	#FFFFFF	947
2255	#FFFFFF	947
2256	#FFFFFF	947
2257	#FFFFFF	947
2258	#FFFFFF	983
2259	#FFFFFF	983
2260	#FFFFFF	983
2261	#FFFFFF	983
2262	#FFFFFF	111
2263	#FFFFFF	111
2264	#FFFFFF	983
2265	#FFFFFF	111
2266	#FFFFFF	111
2267	#FFFFFF	111
2268	#FFFFFF	983
2269	#FFFFFF	983
2270	#FFFFFF	983
2271	#FFFFFF	1062
2272	#FFFFFF	1062
2273	#FFFFFF	55
2274	#FFFFFF	983
2276	#FFFFFF	983
2277	#FFFFFF	192
2278	#FFFFFF	192
2279	#FFFFFF	192
2280	#FFFFFF	192
2281	#FFFFFF	192
2282	#FFFFFF	192
2283	#FFFFFF	192
2284	#FFFFFF	192
2285	#FFFFFF	192
2287	#FFFFFF	192
2288	#FFFFFF	192
2289	#FFFFFF	192
2290	#FFFFFF	192
2291	#FFFFFF	192
2292	#FFFFFF	192
2293	#FFFFFF	192
2294	#FFFFFF	192
2295	#FFFFFF	192
2296	#FFFFFF	192
2298	#FFFFFF	192
2299	#FFFFFF	192
2300	#FFFFFF	192
2301	#FFFFFF	983
2302	#FFFFFF	983
2303	#FFFFFF	192
2304	#FFFFFF	192
2305	#FFFFFF	192
2306	#FFFFFF	192
2307	#FFFFFF	192
2308	#FFFFFF	983
2309	#FFFFFF	192
2310	#FFFFFF	192
2311	#FFFFFF	192
2312	#FFFFFF	192
2313	#FFFFFF	192
2314	#FFFFFF	11
2315	#FFFFFF	11
2316	#FFFFFF	11
2317	#FFFFFF	11
2318	#FFFFFF	11
2319	#FFFFFF	983
2320	#FFFFFF	983
2321	#FFFFFF	983
2322	#FFFFFF	983
2323	#FFFFFF	983
2324	#FFFFFF	55
2327	#FFFFFF	983
2328	#FFFFFF	192
2329	#FFFFFF	192
2330	#FFFFFF	192
2331	#FFFFFF	192
2332	#FFFFFF	192
2333	#FFFFFF	192
2334	#FFFFFF	192
2335	#FFFFFF	192
2336	#FFFFFF	192
2338	#FFFFFF	192
2339	#FFFFFF	192
2340	#FFFFFF	192
2341	#FFFFFF	192
2342	#FFFFFF	192
2343	#FFFFFF	192
2344	#FFFFFF	192
2345	#FFFFFF	192
2346	#FFFFFF	192
2347	#FFFFFF	192
2348	#FFFFFF	983
2349	#FFFFFF	192
2350	#FFFFFF	192
2351	#FFFFFF	983
2352	#FFFFFF	983
2353	#FFFFFF	192
2354	#FFFFFF	983
2355	#FFFFFF	983
2356	#FFFFFF	192
2357	#FFFFFF	192
2358	#FFFFFF	192
2359	#FFFFFF	983
2360	#FFFFFF	192
2361	#FFFFFF	192
2362	#FFFFFF	192
2363	#FFFFFF	192
2364	#FFFFFF	192
2365	#FFFFFF	11
2366	#FFFFFF	11
2367	#FFFFFF	11
2368	#FFFFFF	11
2369	#FFFFFF	983
2370	#FFFFFF	983
2371	#FFFFFF	983
2372	#FFFFFF	983
2373	#FFFFFF	983
2374	#FFFFFF	983
2375	#FFFFFF	983
2376	#FFFFFF	983
2377	#FFFFFF	1062
2378	#FFFFFF	983
2379	#FFFFFF	983
2380	#FFFFFF	983
2381	#FFFFFF	983
2382	#FFFFFF	983
2383	#FFFFFF	983
2384	#FFFFFF	983
2385	#FFFFFF	983
2386	#FFFFFF	983
2387	#FFFFFF	1967
2388	#FFFFFF	983
2389	#FFFFFF	983
2390	#FFFFFF	983
2391	#FFFFFF	983
2392	#FFFFFF	983
2393	#FFFFFF	983
2394	#FFFFFF	983
2395	#FFFFFF	983
2396	#FFFFFF	983
2397	#FFFFFF	983
2398	#FFFFFF	983
2399	#FFFFFF	983
2400	#FFFFFF	983
2401	#FFFFFF	983
2402	#FFFFFF	983
2403	#FFFFFF	983
2404	#FFFFFF	947
2405	#FFFFFF	947
2406	#FFFFFF	947
2407	#FFFFFF	947
2408	#FFFFFF	947
2409	#FFFFFF	983
2410	#FFFFFF	983
2411	#FFFFFF	983
2412	#FFFFFF	983
2413	#FFFFFF	983
2414	#FFFFFF	111
2415	#FFFFFF	983
2416	#FFFFFF	983
2417	#FFFFFF	111
2418	#FFFFFF	111
2419	#FFFFFF	111
2420	#FFFFFF	983
2421	#FFFFFF	983
2422	#FFFFFF	983
2423	#FFFFFF	983
2424	#FFFFFF	983
2425	#FFFFFF	983
2426	#FFFFFF	983
2427	#FFFFFF	983
2428	#FFFFFF	983
2429	#FFFFFF	983
2430	#FFFFFF	983
2431	#FFFFFF	983
2432	#FFFFFF	983
2433	#FFFFFF	983
2434	#FFFFFF	983
2435	#FFFFFF	983
2436	#FFFFFF	111
2437	#FFFFFF	983
2438	#FFFFFF	983
2439	#FFFFFF	983
2440	#FFFFFF	983
2441	#FFFFFF	983
2442	#FFFFFF	983
2443	#FFFFFF	983
2444	#FFFFFF	983
2445	#FFFFFF	983
2446	#FFFFFF	983
2447	#FFFFFF	983
2448	#FFFFFF	983
2449	#FFFFFF	983
2450	#FFFFFF	983
2451	#FFFFFF	983
2452	#FFFFFF	983
2453	#FFFFFF	983
2454	#FFFFFF	983
2455	#FFFFFF	947
2456	#FFFFFF	947
2457	#FFFFFF	947
2458	#FFFFFF	947
2459	#FFFFFF	947
2460	#FFFFFF	983
2461	#FFFFFF	983
2462	#FFFFFF	983
2463	#FFFFFF	983
2464	#FFFFFF	111
2465	#FFFFFF	983
2467	#FFFFFF	111
2468	#FFFFFF	111
2469	#FFFFFF	111
2470	#FFFFFF	983
2471	#FFFFFF	983
2472	#FFFFFF	195
2473	#FFFFFF	983
2474	#FFFFFF	983
2475	#FFFFFF	983
2476	#FFFFFF	396
2477	#FFFFFF	195
2478	#FFFFFF	983
2479	#FFFFFF	983
2480	#FFFFFF	983
2481	#FFFFFF	983
2482	#FFFFFF	983
2483	#FFFFFF	983
2484	#FFFFFF	983
2485	#FFFFFF	983
2486	#FFFFFF	111
2487	#FFFFFF	983
2488	#FFFFFF	983
2489	#FFFFFF	983
2490	#FFFFFF	983
2491	#FFFFFF	983
2492	#FFFFFF	983
2493	#FFFFFF	983
2494	#FFFFFF	983
2495	#FFFFFF	983
2496	#FFFFFF	983
2497	#FFFFFF	983
2498	#FFFFFF	983
2499	#FFFFFF	983
2500	#FFFFFF	983
2501	#FFFFFF	983
2502	#FFFFFF	983
2503	#FFFFFF	983
2504	#FFFFFF	983
2505	#FFFFFF	983
2506	#FFFFFF	947
2507	#FFFFFF	947
2508	#FFFFFF	947
2509	#FFFFFF	947
2510	#FFFFFF	983
2511	#FFFFFF	947
2512	#FFFFFF	983
2513	#FFFFFF	983
2514	#FFFFFF	983
2515	#FFFFFF	983
2516	#FFFFFF	983
2517	#FFFFFF	983
2518	#FFFFFF	111
2519	#FFFFFF	111
2520	#FFFFFF	111
2521	#FFFFFF	983
2522	#FFFFFF	983
2523	#FFFFFF	195
2524	#FFFFFF	983
2525	#FFFFFF	983
2526	#FFFFFF	396
2527	#FFFFFF	195
2528	#FFFFFF	195
2529	#FFFFFF	983
2530	#FFFFFF	983
2531	#FFFFFF	983
2532	#FFFFFF	983
2533	#FFFFFF	983
2534	#FFFFFF	983
2535	#FFFFFF	983
2536	#FFFFFF	111
2537	#FFFFFF	111
2538	#FFFFFF	111
2539	#FFFFFF	983
2540	#FFFFFF	111
2541	#FFFFFF	111
2542	#FFFFFF	111
2543	#FFFFFF	983
2544	#FFFFFF	983
2545	#FFFFFF	983
2546	#FFFFFF	983
2547	#FFFFFF	983
2548	#FFFFFF	983
2549	#FFFFFF	983
2550	#FFFFFF	983
2551	#FFFFFF	983
2552	#FFFFFF	983
2553	#FFFFFF	983
2554	#FFFFFF	983
2555	#FFFFFF	983
2556	#FFFFFF	947
2557	#FFFFFF	947
2558	#FFFFFF	947
2559	#FFFFFF	947
2560	#FFFFFF	947
2561	#FFFFFF	195
2562	#FFFFFF	947
2563	#FFFFFF	983
2564	#FFFFFF	983
2565	#FFFFFF	983
2566	#FFFFFF	983
2567	#FFFFFF	111
2568	#FFFFFF	111
2569	#FFFFFF	111
2570	#FFFFFF	111
2571	#FFFFFF	983
2572	#FFFFFF	195
2573	#FFFFFF	195
2574	#FFFFFF	195
2575	#FFFFFF	983
2576	#FFFFFF	396
2577	#FFFFFF	195
2578	#FFFFFF	195
2579	#FFFFFF	983
2580	#FFFFFF	983
2581	#FFFFFF	983
2582	#FFFFFF	983
2583	#FFFFFF	983
2584	#FFFFFF	111
2585	#FFFFFF	111
2586	#FFFFFF	111
2587	#FFFFFF	111
2588	#FFFFFF	111
2589	#FFFFFF	195
2590	#FFFFFF	111
2591	#FFFFFF	111
2592	#FFFFFF	111
2593	#FFFFFF	111
2594	#FFFFFF	983
2595	#FFFFFF	983
2596	#FFFFFF	983
2597	#FFFFFF	983
2598	#FFFFFF	983
2599	#FFFFFF	983
2600	#FFFFFF	983
2601	#FFFFFF	983
2602	#FFFFFF	983
2603	#FFFFFF	983
2604	#FFFFFF	983
2605	#FFFFFF	983
2606	#FFFFFF	983
2607	#FFFFFF	983
2608	#FFFFFF	947
2609	#FFFFFF	947
2610	#FFFFFF	983
2611	#FFFFFF	983
2612	#FFFFFF	947
2613	#FFFFFF	983
2614	#FFFFFF	983
2615	#FFFFFF	983
2616	#FFFFFF	983
2617	#FFFFFF	111
2618	#FFFFFF	111
2619	#FFFFFF	111
2620	#FFFFFF	111
2621	#FFFFFF	111
2622	#FFFFFF	195
2623	#FFFFFF	195
2624	#FFFFFF	195
2625	#FFFFFF	195
2626	#FFFFFF	983
2627	#FFFFFF	396
2628	#FFFFFF	195
2629	#FFFFFF	195
2630	#FFFFFF	983
2631	#FFFFFF	111
2632	#FFFFFF	983
2633	#FFFFFF	983
2634	#FFFFFF	983
2635	#FFFFFF	111
2636	#FFFFFF	111
2637	#FFFFFF	111
2638	#FFFFFF	983
2639	#FFFFFF	111
2640	#FFFFFF	195
2641	#FFFFFF	983
2642	#FFFFFF	983
2643	#FFFFFF	983
2644	#FFFFFF	111
2645	#FFFFFF	983
2646	#FFFFFF	983
2647	#FFFFFF	983
2648	#FFFFFF	983
2649	#FFFFFF	983
2650	#FFFFFF	983
2651	#FFFFFF	983
2652	#FFFFFF	983
2653	#FFFFFF	983
2654	#FFFFFF	983
2655	#FFFFFF	983
2656	#FFFFFF	983
2657	#FFFFFF	983
2658	#FFFFFF	947
2659	#FFFFFF	983
2660	#FFFFFF	983
2661	#FFFFFF	947
2662	#FFFFFF	983
2663	#FFFFFF	983
2664	#FFFFFF	983
2665	#FFFFFF	983
2666	#FFFFFF	2577
2667	#FFFFFF	983
2668	#FFFFFF	111
2669	#FFFFFF	111
2670	#FFFFFF	111
2671	#FFFFFF	111
2672	#FFFFFF	195
2673	#FFFFFF	983
2674	#FFFFFF	983
2675	#FFFFFF	983
2676	#FFFFFF	983
2677	#FFFFFF	195
2678	#FFFFFF	195
2679	#FFFFFF	195
2680	#FFFFFF	111
2681	#FFFFFF	111
2682	#FFFFFF	983
2683	#FFFFFF	111
2684	#FFFFFF	983
2685	#FFFFFF	983
2686	#FFFFFF	111
2687	#FFFFFF	111
2688	#FFFFFF	111
2689	#FFFFFF	983
2690	#FFFFFF	195
2691	#FFFFFF	111
2692	#FFFFFF	983
2693	#FFFFFF	983
2694	#FFFFFF	111
2695	#FFFFFF	983
2696	#FFFFFF	983
2697	#FFFFFF	983
2698	#FFFFFF	983
2699	#FFFFFF	983
2700	#FFFFFF	7
2701	#FFFFFF	195
2702	#FFFFFF	983
2703	#FFFFFF	983
2704	#FFFFFF	983
2705	#FFFFFF	983
2706	#FFFFFF	983
2707	#FFFFFF	111
2708	#FFFFFF	983
2709	#FFFFFF	983
2710	#FFFFFF	983
2711	#FFFFFF	947
2712	#FFFFFF	983
2713	#FFFFFF	983
2714	#FFFFFF	983
2715	#FFFFFF	983
2716	#FFFFFF	2577
2717	#FFFFFF	983
2718	#FFFFFF	983
2719	#FFFFFF	111
2720	#FFFFFF	111
2721	#FFFFFF	111
2722	#FFFFFF	111
2723	#FFFFFF	195
2724	#FFFFFF	983
2725	#FFFFFF	983
2726	#FFFFFF	983
2727	#FFFFFF	983
2728	#FFFFFF	195
2729	#FFFFFF	195
2730	#FFFFFF	195
2731	#FFFFFF	111
2732	#FFFFFF	111
2733	#FFFFFF	111
2734	#FFFFFF	111
2735	#FFFFFF	111
2736	#FFFFFF	983
2737	#FFFFFF	111
2738	#FFFFFF	111
2739	#FFFFFF	983
2740	#FFFFFF	983
2741	#FFFFFF	195
2742	#FFFFFF	983
2743	#FFFFFF	983
2744	#FFFFFF	111
2745	#FFFFFF	983
2746	#FFFFFF	983
2747	#FFFFFF	983
2748	#FFFFFF	983
2749	#FFFFFF	983
2750	#FFFFFF	7
2751	#FFFFFF	983
2752	#FFFFFF	983
2753	#FFFFFF	983
2754	#FFFFFF	983
2755	#FFFFFF	983
2756	#FFFFFF	983
2757	#FFFFFF	111
2758	#FFFFFF	111
2759	#FFFFFF	983
2760	#FFFFFF	983
2761	#FFFFFF	947
2762	#FFFFFF	947
2763	#FFFFFF	195
2764	#FFFFFF	983
2765	#FFFFFF	983
2766	#FFFFFF	983
2767	#FFFFFF	983
2768	#FFFFFF	111
2769	#FFFFFF	111
2770	#FFFFFF	983
2771	#FFFFFF	111
2772	#FFFFFF	983
2773	#FFFFFF	195
2774	#FFFFFF	983
2775	#FFFFFF	983
2776	#FFFFFF	983
2777	#FFFFFF	983
2778	#FFFFFF	195
2779	#FFFFFF	195
2780	#FFFFFF	195
2781	#FFFFFF	983
2782	#FFFFFF	111
2783	#FFFFFF	111
2784	#FFFFFF	111
2785	#FFFFFF	111
2786	#FFFFFF	111
2787	#FFFFFF	111
2788	#FFFFFF	111
2789	#FFFFFF	111
2790	#FFFFFF	111
2791	#FFFFFF	195
2792	#FFFFFF	983
2793	#FFFFFF	983
2794	#FFFFFF	983
2795	#FFFFFF	111
2796	#FFFFFF	983
2797	#FFFFFF	983
2798	#FFFFFF	983
2799	#FFFFFF	983
2800	#FFFFFF	7
2801	#FFFFFF	7
2802	#FFFFFF	195
2803	#FFFFFF	983
2804	#FFFFFF	7
2805	#FFFFFF	983
2806	#FFFFFF	983
2807	#FFFFFF	111
2808	#FFFFFF	111
2809	#FFFFFF	111
2810	#FFFFFF	983
2811	#FFFFFF	983
2812	#FFFFFF	947
2813	#FFFFFF	983
2814	#FFFFFF	947
2815	#FFFFFF	983
2816	#FFFFFF	983
2817	#FFFFFF	983
2818	#FFFFFF	983
2819	#FFFFFF	111
2820	#FFFFFF	983
2821	#FFFFFF	983
2822	#FFFFFF	983
2823	#FFFFFF	111
2824	#FFFFFF	195
2825	#FFFFFF	195
2826	#FFFFFF	983
2827	#FFFFFF	983
2828	#FFFFFF	983
2829	#FFFFFF	195
2830	#FFFFFF	195
2831	#FFFFFF	195
2832	#FFFFFF	111
2833	#FFFFFF	111
2834	#FFFFFF	111
2835	#FFFFFF	111
2836	#FFFFFF	111
2837	#FFFFFF	111
2838	#FFFFFF	111
2839	#FFFFFF	111
2840	#FFFFFF	111
2841	#FFFFFF	111
2842	#FFFFFF	195
2843	#FFFFFF	983
2844	#FFFFFF	983
2845	#FFFFFF	983
2846	#FFFFFF	983
2847	#FFFFFF	983
2848	#FFFFFF	983
2849	#FFFFFF	983
2850	#FFFFFF	983
2851	#FFFFFF	7
2852	#FFFFFF	983
2853	#FFFFFF	195
2854	#FFFFFF	7
2855	#FFFFFF	7
2856	#FFFFFF	983
2857	#FFFFFF	983
2858	#FFFFFF	111
2859	#FFFFFF	111
2860	#FFFFFF	983
2861	#FFFFFF	111
2862	#FFFFFF	947
2863	#FFFFFF	947
2864	#FFFFFF	983
2865	#FFFFFF	983
2867	#FFFFFF	983
2868	#FFFFFF	983
2869	#FFFFFF	983
2870	#FFFFFF	983
2871	#FFFFFF	983
2872	#FFFFFF	983
2873	#FFFFFF	983
2874	#FFFFFF	195
2875	#FFFFFF	983
2876	#FFFFFF	983
2877	#FFFFFF	983
2878	#FFFFFF	983
2879	#FFFFFF	195
2880	#FFFFFF	195
2881	#FFFFFF	195
2882	#FFFFFF	983
2883	#FFFFFF	111
2884	#FFFFFF	111
2885	#FFFFFF	111
2886	#FFFFFF	111
2887	#FFFFFF	111
2888	#FFFFFF	111
2889	#FFFFFF	111
2890	#FFFFFF	111
2891	#FFFFFF	111
2892	#FFFFFF	195
2893	#FFFFFF	111
2894	#FFFFFF	983
2895	#FFFFFF	983
2896	#FFFFFF	983
2897	#FFFFFF	983
2898	#FFFFFF	983
2899	#FFFFFF	983
2900	#FFFFFF	7
2901	#FFFFFF	7
2902	#FFFFFF	7
2903	#FFFFFF	195
2904	#FFFFFF	7
2905	#FFFFFF	7
2906	#FFFFFF	7
2907	#FFFFFF	983
2908	#FFFFFF	111
2909	#FFFFFF	111
2910	#FFFFFF	111
2911	#FFFFFF	111
2912	#FFFFFF	983
2913	#FFFFFF	947
2914	#FFFFFF	195
2915	#FFFFFF	983
2916	#FFFFFF	983
2917	#FFFFFF	983
2918	#FFFFFF	983
2919	#FFFFFF	983
2920	#FFFFFF	983
2921	#FFFFFF	983
2922	#FFFFFF	983
2923	#FFFFFF	983
2924	#FFFFFF	111
2925	#FFFFFF	195
2926	#FFFFFF	983
2927	#FFFFFF	983
2928	#FFFFFF	983
2929	#FFFFFF	983
2930	#FFFFFF	195
2931	#FFFFFF	195
2932	#FFFFFF	195
2933	#FFFFFF	983
2934	#FFFFFF	111
2935	#FFFFFF	111
2936	#FFFFFF	111
2937	#FFFFFF	111
2938	#FFFFFF	111
2939	#FFFFFF	111
2940	#FFFFFF	111
2941	#FFFFFF	111
2942	#FFFFFF	983
2943	#FFFFFF	195
2944	#FFFFFF	983
2945	#FFFFFF	983
2946	#FFFFFF	983
2947	#FFFFFF	983
2948	#FFFFFF	983
2949	#FFFFFF	983
2950	#FFFFFF	7
2951	#FFFFFF	7
2952	#FFFFFF	7
2953	#FFFFFF	7
2954	#FFFFFF	195
2955	#FFFFFF	7
2956	#FFFFFF	7
2957	#FFFFFF	983
2958	#FFFFFF	983
2959	#FFFFFF	111
2960	#FFFFFF	111
2961	#FFFFFF	111
2962	#FFFFFF	983
2963	#FFFFFF	983
2964	#FFFFFF	947
2965	#FFFFFF	195
2966	#FFFFFF	947
2967	#FFFFFF	983
2968	#FFFFFF	983
2969	#FFFFFF	983
2970	#FFFFFF	983
2971	#FFFFFF	983
2972	#FFFFFF	983
2973	#FFFFFF	983
2974	#FFFFFF	111
2975	#FFFFFF	195
2976	#FFFFFF	983
2977	#FFFFFF	983
2978	#FFFFFF	983
2979	#FFFFFF	983
2980	#FFFFFF	195
2981	#FFFFFF	195
2982	#FFFFFF	195
2983	#FFFFFF	983
2984	#FFFFFF	111
2985	#FFFFFF	111
2986	#FFFFFF	111
2987	#FFFFFF	111
2988	#FFFFFF	111
2989	#FFFFFF	111
2990	#FFFFFF	111
2991	#FFFFFF	111
2992	#FFFFFF	983
2993	#FFFFFF	195
2994	#FFFFFF	983
2995	#FFFFFF	983
2996	#FFFFFF	983
2997	#FFFFFF	983
2998	#FFFFFF	983
2999	#FFFFFF	983
3000	#FFFFFF	983
3001	#FFFFFF	983
3002	#FFFFFF	7
3003	#FFFFFF	7
3004	#FFFFFF	195
3005	#FFFFFF	7
3006	#FFFFFF	7
3007	#FFFFFF	983
3008	#FFFFFF	111
3009	#FFFFFF	983
3010	#FFFFFF	983
3011	#FFFFFF	111
3012	#FFFFFF	111
3013	#FFFFFF	983
3014	#FFFFFF	947
3015	#FFFFFF	195
3016	#FFFFFF	947
3017	#FFFFFF	983
3018	#FFFFFF	983
3019	#FFFFFF	983
3020	#FFFFFF	983
3021	#FFFFFF	983
3022	#FFFFFF	983
3023	#FFFFFF	983
3024	#FFFFFF	111
3025	#FFFFFF	111
3026	#FFFFFF	195
3027	#FFFFFF	195
3028	#FFFFFF	195
3029	#FFFFFF	983
3030	#FFFFFF	983
3031	#FFFFFF	195
3032	#FFFFFF	195
3033	#FFFFFF	195
3034	#FFFFFF	111
3035	#FFFFFF	111
3036	#FFFFFF	111
3037	#FFFFFF	111
3038	#FFFFFF	111
3039	#FFFFFF	111
3040	#FFFFFF	111
3041	#FFFFFF	111
3042	#FFFFFF	111
3043	#FFFFFF	983
3044	#FFFFFF	195
3045	#FFFFFF	983
3046	#FFFFFF	983
3047	#FFFFFF	983
3048	#FFFFFF	983
3049	#FFFFFF	983
3050	#FFFFFF	983
3051	#FFFFFF	983
3052	#FFFFFF	7
3053	#FFFFFF	7
3054	#FFFFFF	983
3055	#FFFFFF	195
3056	#FFFFFF	983
3057	#FFFFFF	7
3058	#FFFFFF	111
3059	#FFFFFF	111
3060	#FFFFFF	983
3061	#FFFFFF	983
3062	#FFFFFF	111
3063	#FFFFFF	983
3064	#FFFFFF	983
3066	#FFFFFF	195
3067	#FFFFFF	983
3068	#FFFFFF	983
3069	#FFFFFF	983
3070	#FFFFFF	983
3071	#FFFFFF	983
3072	#FFFFFF	983
3073	#FFFFFF	983
3074	#FFFFFF	111
3075	#FFFFFF	111
3076	#FFFFFF	195
3077	#FFFFFF	195
3078	#FFFFFF	195
3079	#FFFFFF	983
3080	#FFFFFF	983
3081	#FFFFFF	195
3082	#FFFFFF	195
3083	#FFFFFF	195
3084	#FFFFFF	983
3085	#FFFFFF	111
3086	#FFFFFF	111
3087	#FFFFFF	111
3088	#FFFFFF	111
3089	#FFFFFF	111
3090	#FFFFFF	111
3091	#FFFFFF	111
3092	#FFFFFF	111
3093	#FFFFFF	983
3094	#FFFFFF	195
3095	#FFFFFF	983
3096	#FFFFFF	983
3097	#FFFFFF	983
3098	#FFFFFF	983
3099	#FFFFFF	983
3100	#FFFFFF	983
3101	#FFFFFF	983
3102	#FFFFFF	7
3103	#FFFFFF	983
3104	#FFFFFF	7
3105	#FFFFFF	195
3106	#FFFFFF	983
3107	#FFFFFF	983
3108	#FFFFFF	983
3109	#FFFFFF	111
3110	#FFFFFF	111
3111	#FFFFFF	983
3112	#FFFFFF	111
3113	#FFFFFF	983
3114	#FFFFFF	111
3115	#FFFFFF	983
3116	#FFFFFF	195
3117	#FFFFFF	983
3118	#FFFFFF	983
3119	#FFFFFF	983
3120	#FFFFFF	983
3121	#FFFFFF	983
3122	#FFFFFF	983
3123	#FFFFFF	983
3124	#FFFFFF	983
3125	#FFFFFF	111
3126	#FFFFFF	111
3127	#FFFFFF	195
3128	#FFFFFF	195
3129	#FFFFFF	195
3130	#FFFFFF	195
3131	#FFFFFF	983
3132	#FFFFFF	195
3133	#FFFFFF	195
3134	#FFFFFF	195
3135	#FFFFFF	983
3136	#FFFFFF	983
3137	#FFFFFF	983
3138	#FFFFFF	111
3139	#FFFFFF	111
3140	#FFFFFF	111
3141	#FFFFFF	111
3142	#FFFFFF	111
3143	#FFFFFF	111
3144	#FFFFFF	983
3145	#FFFFFF	195
3146	#FFFFFF	983
3147	#FFFFFF	983
3148	#FFFFFF	983
3149	#FFFFFF	983
3150	#FFFFFF	983
3151	#FFFFFF	7
3152	#FFFFFF	7
3153	#FFFFFF	7
3154	#FFFFFF	983
3155	#FFFFFF	983
3156	#FFFFFF	195
3157	#FFFFFF	983
3158	#FFFFFF	983
3159	#FFFFFF	983
3160	#FFFFFF	111
3161	#FFFFFF	111
3162	#FFFFFF	983
3163	#FFFFFF	111
3164	#FFFFFF	111
3165	#FFFFFF	983
3166	#FFFFFF	983
3167	#FFFFFF	195
3168	#FFFFFF	983
3169	#FFFFFF	983
3170	#FFFFFF	983
3171	#FFFFFF	983
3172	#FFFFFF	983
3173	#FFFFFF	983
3174	#FFFFFF	983
3175	#FFFFFF	111
3176	#FFFFFF	111
3177	#FFFFFF	195
3178	#FFFFFF	195
3179	#FFFFFF	195
3180	#FFFFFF	983
3181	#FFFFFF	983
3182	#FFFFFF	195
3183	#FFFFFF	195
3184	#FFFFFF	195
3185	#FFFFFF	983
3186	#FFFFFF	983
3187	#FFFFFF	983
3188	#FFFFFF	111
3189	#FFFFFF	111
3190	#FFFFFF	111
3191	#FFFFFF	111
3192	#FFFFFF	111
3193	#FFFFFF	111
3194	#FFFFFF	983
3195	#FFFFFF	195
3196	#FFFFFF	983
3197	#FFFFFF	983
3198	#FFFFFF	983
3199	#FFFFFF	983
3200	#FFFFFF	983
3201	#FFFFFF	983
3202	#FFFFFF	7
3203	#FFFFFF	7
3204	#FFFFFF	983
3205	#FFFFFF	983
3206	#FFFFFF	195
3207	#FFFFFF	983
3208	#FFFFFF	983
3209	#FFFFFF	983
3210	#FFFFFF	111
3211	#FFFFFF	111
3212	#FFFFFF	983
3213	#FFFFFF	983
3214	#FFFFFF	111
3215	#FFFFFF	111
3216	#FFFFFF	983
3217	#FFFFFF	195
3218	#FFFFFF	983
3219	#FFFFFF	983
3220	#FFFFFF	983
3221	#FFFFFF	983
3222	#FFFFFF	983
3223	#FFFFFF	983
3224	#FFFFFF	983
3225	#FFFFFF	111
3226	#FFFFFF	111
3227	#FFFFFF	111
3228	#FFFFFF	195
3229	#FFFFFF	195
3230	#FFFFFF	195
3231	#FFFFFF	983
3232	#FFFFFF	983
3233	#FFFFFF	195
3234	#FFFFFF	195
3235	#FFFFFF	195
3236	#FFFFFF	983
3237	#FFFFFF	983
3238	#FFFFFF	111
3239	#FFFFFF	111
3240	#FFFFFF	111
3241	#FFFFFF	111
3242	#FFFFFF	111
3243	#FFFFFF	111
3244	#FFFFFF	111
3245	#FFFFFF	983
3246	#FFFFFF	195
3247	#FFFFFF	983
3248	#FFFFFF	983
3249	#FFFFFF	983
3250	#FFFFFF	983
3251	#FFFFFF	983
3252	#FFFFFF	7
3253	#FFFFFF	7
3254	#FFFFFF	983
3255	#FFFFFF	983
3256	#FFFFFF	983
3257	#FFFFFF	195
3258	#FFFFFF	111
3259	#FFFFFF	983
3260	#FFFFFF	111
3261	#FFFFFF	111
3262	#FFFFFF	111
3263	#FFFFFF	983
3264	#FFFFFF	111
3265	#FFFFFF	111
3266	#FFFFFF	111
3267	#FFFFFF	983
3268	#FFFFFF	195
3269	#FFFFFF	983
3270	#FFFFFF	983
3271	#FFFFFF	983
3272	#FFFFFF	983
3273	#FFFFFF	983
3274	#FFFFFF	983
3275	#FFFFFF	111
3276	#FFFFFF	111
3277	#FFFFFF	111
3278	#FFFFFF	195
3279	#FFFFFF	195
3280	#FFFFFF	195
3281	#FFFFFF	195
3282	#FFFFFF	983
3283	#FFFFFF	195
3284	#FFFFFF	195
3285	#FFFFFF	195
3286	#FFFFFF	983
3287	#FFFFFF	983
3288	#FFFFFF	983
3289	#FFFFFF	111
3290	#FFFFFF	111
3291	#FFFFFF	111
3292	#FFFFFF	111
3293	#FFFFFF	111
3294	#FFFFFF	111
3295	#FFFFFF	983
3296	#FFFFFF	195
3297	#FFFFFF	983
3298	#FFFFFF	983
3299	#FFFFFF	983
3300	#FFFFFF	983
3301	#FFFFFF	983
3302	#FFFFFF	983
3303	#FFFFFF	983
3304	#FFFFFF	983
3305	#FFFFFF	983
3306	#FFFFFF	983
3307	#FFFFFF	195
3308	#FFFFFF	983
3309	#FFFFFF	111
3310	#FFFFFF	111
3311	#FFFFFF	111
3312	#FFFFFF	111
3313	#FFFFFF	111
3314	#FFFFFF	983
3315	#FFFFFF	111
3316	#FFFFFF	111
3317	#FFFFFF	111
3318	#FFFFFF	195
3319	#FFFFFF	983
3320	#FFFFFF	983
3321	#FFFFFF	983
3322	#FFFFFF	983
3323	#FFFFFF	983
3324	#FFFFFF	983
3325	#FFFFFF	983
3326	#FFFFFF	111
3327	#FFFFFF	111
3328	#FFFFFF	111
3329	#FFFFFF	195
3330	#FFFFFF	195
3331	#FFFFFF	195
3332	#FFFFFF	195
3333	#FFFFFF	983
3334	#FFFFFF	195
3335	#FFFFFF	195
3336	#FFFFFF	195
3337	#FFFFFF	111
3338	#FFFFFF	111
3339	#FFFFFF	983
3340	#FFFFFF	111
3341	#FFFFFF	111
3342	#FFFFFF	111
3343	#FFFFFF	111
3344	#FFFFFF	111
3345	#FFFFFF	111
3346	#FFFFFF	983
3347	#FFFFFF	195
3348	#FFFFFF	983
3349	#FFFFFF	983
3350	#FFFFFF	983
3351	#FFFFFF	983
3352	#FFFFFF	983
3353	#FFFFFF	983
3354	#FFFFFF	983
3355	#FFFFFF	983
3356	#FFFFFF	983
3357	#FFFFFF	983
3358	#FFFFFF	195
3359	#FFFFFF	111
3360	#FFFFFF	111
3361	#FFFFFF	111
3362	#FFFFFF	111
3363	#FFFFFF	111
3364	#FFFFFF	111
3365	#FFFFFF	111
3366	#FFFFFF	111
3367	#FFFFFF	111
3368	#FFFFFF	983
3369	#FFFFFF	195
3370	#FFFFFF	983
3371	#FFFFFF	983
3372	#FFFFFF	983
3373	#FFFFFF	983
3374	#FFFFFF	983
3375	#FFFFFF	983
3376	#FFFFFF	983
3377	#FFFFFF	111
3378	#FFFFFF	111
3379	#FFFFFF	195
3380	#FFFFFF	195
3381	#FFFFFF	195
3382	#FFFFFF	195
3383	#FFFFFF	983
3384	#FFFFFF	803
3387	#FFFFFF	983
3388	#FFFFFF	983
3389	#FFFFFF	192
3390	#FFFFFF	983
3391	#FFFFFF	192
3392	#FFFFFF	192
3393	#FFFFFF	983
3394	#FFFFFF	192
3395	#FFFFFF	192
3396	#FFFFFF	192
3398	#FFFFFF	192
3399	#FFFFFF	192
3400	#FFFFFF	192
3401	#FFFFFF	192
3402	#FFFFFF	192
3403	#FFFFFF	192
3404	#FFFFFF	192
3405	#FFFFFF	192
3406	#FFFFFF	192
3407	#FFFFFF	192
3408	#FFFFFF	983
3409	#FFFFFF	192
3410	#FFFFFF	192
3411	#FFFFFF	983
3412	#FFFFFF	983
3413	#FFFFFF	192
3414	#FFFFFF	983
3415	#FFFFFF	983
3416	#FFFFFF	192
3417	#FFFFFF	192
3418	#FFFFFF	192
3419	#FFFFFF	983
3420	#FFFFFF	192
3421	#FFFFFF	192
3422	#FFFFFF	983
3423	#FFFFFF	192
3424	#FFFFFF	192
3425	#FFFFFF	11
3426	#FFFFFF	11
3427	#FFFFFF	11
3428	#FFFFFF	11
3429	#FFFFFF	11
3430	#FFFFFF	983
3431	#FFFFFF	983
3432	#FFFFFF	983
3433	#FFFFFF	983
3434	#FFFFFF	983
3438	#FFFFFF	983
3439	#FFFFFF	192
3440	#FFFFFF	983
3441	#FFFFFF	192
3442	#FFFFFF	192
3443	#FFFFFF	983
3444	#FFFFFF	192
3445	#FFFFFF	192
3446	#FFFFFF	192
3447	#FFFFFF	192
3448	#FFFFFF	55
3449	#FFFFFF	192
3450	#FFFFFF	192
3451	#FFFFFF	192
3452	#FFFFFF	192
3453	#FFFFFF	192
3454	#FFFFFF	192
3455	#FFFFFF	192
3456	#FFFFFF	192
3457	#FFFFFF	192
3458	#FFFFFF	192
3459	#FFFFFF	983
3460	#FFFFFF	192
3461	#FFFFFF	192
3462	#FFFFFF	192
3463	#FFFFFF	983
3464	#FFFFFF	983
3465	#FFFFFF	983
3466	#FFFFFF	192
3467	#FFFFFF	192
3468	#FFFFFF	192
3469	#FFFFFF	192
3470	#FFFFFF	983
3471	#FFFFFF	192
3472	#FFFFFF	983
3473	#FFFFFF	192
3474	#FFFFFF	192
3475	#FFFFFF	192
3476	#FFFFFF	11
3477	#FFFFFF	11
3478	#FFFFFF	11
3479	#FFFFFF	11
3480	#FFFFFF	983
3481	#FFFFFF	983
3482	#FFFFFF	192
3483	#FFFFFF	192
3484	#FFFFFF	192
3485	#FFFFFF	195
3486	#FFFFFF	195
3487	#FFFFFF	195
3488	#FFFFFF	983
3489	#FFFFFF	111
3490	#FFFFFF	111
3491	#FFFFFF	111
3492	#FFFFFF	111
3493	#FFFFFF	111
3494	#FFFFFF	111
3495	#FFFFFF	111
3496	#FFFFFF	111
3497	#FFFFFF	111
3498	#FFFFFF	195
3499	#FFFFFF	111
3500	#FFFFFF	983
3501	#FFFFFF	983
3502	#FFFFFF	983
3503	#FFFFFF	983
3504	#FFFFFF	983
3505	#FFFFFF	983
3506	#FFFFFF	983
3507	#FFFFFF	983
3508	#FFFFFF	983
3509	#FFFFFF	195
3510	#FFFFFF	111
3511	#FFFFFF	111
3512	#FFFFFF	111
3513	#FFFFFF	111
3514	#FFFFFF	111
3515	#FFFFFF	111
3517	#FFFFFF	111
3518	#FFFFFF	983
3519	#FFFFFF	983
3520	#FFFFFF	195
3521	#FFFFFF	983
3522	#FFFFFF	983
3523	#FFFFFF	983
3524	#FFFFFF	983
3525	#FFFFFF	983
3526	#FFFFFF	983
3527	#FFFFFF	983
3528	#FFFFFF	983
3529	#FFFFFF	983
3530	#FFFFFF	111
3531	#FFFFFF	195
3532	#FFFFFF	195
3533	#FFFFFF	195
3534	#FFFFFF	195
3535	#FFFFFF	195
3536	#FFFFFF	195
3537	#FFFFFF	195
3538	#FFFFFF	195
3539	#FFFFFF	111
3540	#FFFFFF	111
3541	#FFFFFF	111
3542	#FFFFFF	111
3543	#FFFFFF	111
3544	#FFFFFF	195
3545	#FFFFFF	195
3546	#FFFFFF	111
3547	#FFFFFF	111
3548	#FFFFFF	111
3549	#FFFFFF	195
3550	#FFFFFF	111
3551	#FFFFFF	983
3552	#FFFFFF	983
3553	#FFFFFF	983
3554	#FFFFFF	983
3555	#FFFFFF	983
3556	#FFFFFF	983
3557	#FFFFFF	983
3558	#FFFFFF	983
3559	#FFFFFF	111
3560	#FFFFFF	195
3561	#FFFFFF	111
3562	#FFFFFF	111
3563	#FFFFFF	111
3564	#FFFFFF	111
3565	#FFFFFF	111
3567	#FFFFFF	111
3568	#FFFFFF	983
3569	#FFFFFF	983
3570	#FFFFFF	983
3571	#FFFFFF	195
3572	#FFFFFF	983
3573	#FFFFFF	983
3574	#FFFFFF	983
3575	#FFFFFF	983
3576	#FFFFFF	983
3577	#FFFFFF	983
3578	#FFFFFF	983
3579	#FFFFFF	983
3580	#FFFFFF	111
3581	#FFFFFF	195
3582	#FFFFFF	195
3583	#FFFFFF	195
3584	#FFFFFF	195
3585	#FFFFFF	195
3586	#FFFFFF	195
3587	#FFFFFF	195
3588	#FFFFFF	195
3589	#FFFFFF	195
3590	#FFFFFF	111
3591	#FFFFFF	111
3592	#FFFFFF	111
3593	#FFFFFF	195
3594	#FFFFFF	111
3595	#FFFFFF	195
3596	#FFFFFF	111
3597	#FFFFFF	111
3598	#FFFFFF	111
3599	#FFFFFF	195
3600	#FFFFFF	983
3601	#FFFFFF	983
3602	#FFFFFF	983
3603	#FFFFFF	983
3604	#FFFFFF	983
3605	#FFFFFF	983
3606	#FFFFFF	983
3607	#FFFFFF	983
3608	#FFFFFF	983
3609	#FFFFFF	983
3610	#FFFFFF	195
3611	#FFFFFF	111
3612	#FFFFFF	111
3613	#FFFFFF	111
3614	#FFFFFF	111
3615	#FFFFFF	111
3616	#FFFFFF	2716
3617	#FFFFFF	111
3618	#FFFFFF	111
3619	#FFFFFF	983
3620	#FFFFFF	111
3621	#FFFFFF	195
3622	#FFFFFF	983
3623	#FFFFFF	983
3624	#FFFFFF	983
3625	#FFFFFF	983
3626	#FFFFFF	983
3627	#FFFFFF	983
3628	#FFFFFF	983
3629	#FFFFFF	983
3630	#FFFFFF	983
3631	#FFFFFF	111
3632	#FFFFFF	195
3633	#FFFFFF	195
3634	#FFFFFF	195
3635	#FFFFFF	195
3636	#FFFFFF	195
3637	#FFFFFF	195
3638	#FFFFFF	705
3639	#FFFFFF	195
3640	#FFFFFF	111
3641	#FFFFFF	111
3642	#FFFFFF	111
3643	#FFFFFF	195
3644	#FFFFFF	195
3645	#FFFFFF	195
3646	#FFFFFF	111
3647	#FFFFFF	111
3648	#FFFFFF	111
3649	#FFFFFF	983
3650	#FFFFFF	195
3651	#FFFFFF	983
3652	#FFFFFF	983
3653	#FFFFFF	983
3654	#FFFFFF	983
3655	#FFFFFF	983
3656	#FFFFFF	983
3657	#FFFFFF	983
3658	#FFFFFF	983
3659	#FFFFFF	983
3660	#FFFFFF	983
3661	#FFFFFF	195
3662	#FFFFFF	111
3663	#FFFFFF	111
3664	#FFFFFF	111
3665	#FFFFFF	111
3666	#FFFFFF	111
3667	#FFFFFF	2716
3668	#FFFFFF	111
3669	#FFFFFF	111
3670	#FFFFFF	111
3671	#FFFFFF	111
3672	#FFFFFF	195
3673	#FFFFFF	111
3674	#FFFFFF	983
3675	#FFFFFF	111
3676	#FFFFFF	111
3677	#FFFFFF	983
3678	#FFFFFF	983
3679	#FFFFFF	983
3680	#FFFFFF	983
3681	#FFFFFF	111
3682	#FFFFFF	195
3683	#FFFFFF	195
3684	#FFFFFF	195
3685	#FFFFFF	195
3686	#FFFFFF	195
3687	#FFFFFF	195
3688	#FFFFFF	195
3689	#FFFFFF	705
3690	#FFFFFF	195
3691	#FFFFFF	195
3692	#FFFFFF	111
3693	#FFFFFF	111
3694	#FFFFFF	195
3695	#FFFFFF	195
3696	#FFFFFF	111
3697	#FFFFFF	111
3698	#FFFFFF	111
3699	#FFFFFF	983
3700	#FFFFFF	195
3701	#FFFFFF	983
3702	#FFFFFF	983
3703	#FFFFFF	983
3704	#FFFFFF	983
3705	#FFFFFF	983
3706	#FFFFFF	983
3707	#FFFFFF	983
3708	#FFFFFF	983
3709	#FFFFFF	983
3710	#FFFFFF	983
3711	#FFFFFF	195
3712	#FFFFFF	111
3713	#FFFFFF	111
3714	#FFFFFF	111
3715	#FFFFFF	111
3716	#FFFFFF	983
3717	#FFFFFF	111
3718	#FFFFFF	2716
3719	#FFFFFF	111
3720	#FFFFFF	893
3721	#FFFFFF	111
3722	#FFFFFF	195
3723	#FFFFFF	111
3724	#FFFFFF	111
3725	#FFFFFF	983
3726	#FFFFFF	111
3727	#FFFFFF	111
3728	#FFFFFF	983
3729	#FFFFFF	983
3730	#FFFFFF	111
3731	#FFFFFF	111
3732	#FFFFFF	111
3733	#FFFFFF	195
3734	#FFFFFF	195
3735	#FFFFFF	195
3736	#FFFFFF	195
3737	#FFFFFF	195
3738	#FFFFFF	195
3739	#FFFFFF	705
3740	#FFFFFF	705
3741	#FFFFFF	195
3742	#FFFFFF	111
3743	#FFFFFF	111
3744	#FFFFFF	195
3745	#FFFFFF	195
3746	#FFFFFF	195
3747	#FFFFFF	111
3748	#FFFFFF	983
3749	#FFFFFF	111
3750	#FFFFFF	983
3751	#FFFFFF	195
3752	#FFFFFF	983
3753	#FFFFFF	983
3754	#FFFFFF	983
3755	#FFFFFF	983
3756	#FFFFFF	983
3757	#FFFFFF	983
3758	#FFFFFF	983
3759	#FFFFFF	983
3760	#FFFFFF	983
3761	#FFFFFF	983
3762	#FFFFFF	195
3763	#FFFFFF	111
3764	#FFFFFF	983
3765	#FFFFFF	111
3767	#FFFFFF	893
3768	#FFFFFF	893
3769	#FFFFFF	893
3770	#FFFFFF	893
3771	#FFFFFF	111
3772	#FFFFFF	111
3773	#FFFFFF	195
3774	#FFFFFF	111
3775	#FFFFFF	111
3776	#FFFFFF	111
3777	#FFFFFF	111
3778	#FFFFFF	111
3779	#FFFFFF	111
3780	#FFFFFF	111
3781	#FFFFFF	111
3782	#FFFFFF	11
3783	#FFFFFF	195
3784	#FFFFFF	195
3785	#FFFFFF	195
3786	#FFFFFF	195
3787	#FFFFFF	195
3788	#FFFFFF	705
3789	#FFFFFF	705
3790	#FFFFFF	195
3791	#FFFFFF	195
3792	#FFFFFF	111
3793	#FFFFFF	111
3794	#FFFFFF	111
3795	#FFFFFF	111
3796	#FFFFFF	195
3797	#FFFFFF	195
3798	#FFFFFF	111
3799	#FFFFFF	983
3800	#FFFFFF	111
3801	#FFFFFF	195
3802	#FFFFFF	983
3803	#FFFFFF	983
3804	#FFFFFF	983
3805	#FFFFFF	983
3806	#FFFFFF	983
3807	#FFFFFF	983
3808	#FFFFFF	983
3809	#FFFFFF	983
3810	#FFFFFF	983
3811	#FFFFFF	983
3812	#FFFFFF	195
3813	#FFFFFF	983
3814	#FFFFFF	983
3815	#FFFFFF	983
3817	#FFFFFF	893
3818	#FFFFFF	893
3819	#FFFFFF	893
3820	#FFFFFF	893
3821	#FFFFFF	111
3822	#FFFFFF	111
3823	#FFFFFF	195
3824	#FFFFFF	111
3825	#FFFFFF	111
3826	#FFFFFF	111
3827	#FFFFFF	111
3828	#FFFFFF	111
3829	#FFFFFF	111
3830	#FFFFFF	111
3831	#FFFFFF	111
3832	#FFFFFF	11
3833	#FFFFFF	11
3834	#FFFFFF	195
3835	#FFFFFF	195
3836	#FFFFFF	195
3837	#FFFFFF	195
3838	#FFFFFF	195
3839	#FFFFFF	705
3840	#FFFFFF	705
3841	#FFFFFF	195
3842	#FFFFFF	195
3843	#FFFFFF	111
3844	#FFFFFF	111
3845	#FFFFFF	111
3846	#FFFFFF	195
3847	#FFFFFF	111
3848	#FFFFFF	195
3849	#FFFFFF	111
3850	#FFFFFF	983
3851	#FFFFFF	983
3852	#FFFFFF	195
3853	#FFFFFF	111
3854	#FFFFFF	983
3855	#FFFFFF	983
3856	#FFFFFF	983
3857	#FFFFFF	983
3858	#FFFFFF	983
3859	#FFFFFF	983
3860	#FFFFFF	983
3861	#FFFFFF	983
3862	#FFFFFF	983
3863	#FFFFFF	195
3864	#FFFFFF	983
3865	#FFFFFF	983
3868	#FFFFFF	893
3869	#FFFFFF	893
3870	#FFFFFF	111
3871	#FFFFFF	893
3872	#FFFFFF	111
3873	#FFFFFF	111
3874	#FFFFFF	195
3875	#FFFFFF	111
3876	#FFFFFF	111
3877	#FFFFFF	111
3878	#FFFFFF	111
3879	#FFFFFF	111
3880	#FFFFFF	111
3881	#FFFFFF	111
3882	#FFFFFF	111
3883	#FFFFFF	11
3884	#FFFFFF	195
3885	#FFFFFF	195
3886	#FFFFFF	195
3887	#FFFFFF	195
3888	#FFFFFF	195
3889	#FFFFFF	705
3890	#FFFFFF	705
3891	#FFFFFF	195
3892	#FFFFFF	195
3893	#FFFFFF	195
3894	#FFFFFF	111
3895	#FFFFFF	111
3896	#FFFFFF	195
3897	#FFFFFF	111
3898	#FFFFFF	111
3899	#FFFFFF	111
3900	#FFFFFF	983
3901	#FFFFFF	983
3902	#FFFFFF	195
3903	#FFFFFF	983
3904	#FFFFFF	111
3905	#FFFFFF	983
3906	#FFFFFF	983
3907	#FFFFFF	983
3908	#FFFFFF	983
3909	#FFFFFF	983
3910	#FFFFFF	983
3911	#FFFFFF	983
3912	#FFFFFF	983
3913	#FFFFFF	195
3914	#FFFFFF	983
3915	#FFFFFF	983
3917	#FFFFFF	983
3918	#FFFFFF	111
3919	#FFFFFF	111
3920	#FFFFFF	111
3921	#FFFFFF	111
3922	#FFFFFF	111
3923	#FFFFFF	111
3924	#FFFFFF	195
3925	#FFFFFF	111
3926	#FFFFFF	111
3927	#FFFFFF	111
3928	#FFFFFF	111
3929	#FFFFFF	111
3930	#FFFFFF	111
3931	#FFFFFF	111
3932	#FFFFFF	111
3933	#FFFFFF	11
3934	#FFFFFF	11
3935	#FFFFFF	195
3936	#FFFFFF	195
3937	#FFFFFF	195
3938	#FFFFFF	195
3939	#FFFFFF	195
3940	#FFFFFF	705
3941	#FFFFFF	705
3942	#FFFFFF	195
3943	#FFFFFF	195
3944	#FFFFFF	111
3945	#FFFFFF	111
3946	#FFFFFF	195
3947	#FFFFFF	195
3948	#FFFFFF	111
3949	#FFFFFF	111
3950	#FFFFFF	111
3951	#FFFFFF	983
3952	#FFFFFF	111
3953	#FFFFFF	195
3954	#FFFFFF	111
3955	#FFFFFF	983
3956	#FFFFFF	983
3957	#FFFFFF	983
3958	#FFFFFF	983
3959	#FFFFFF	983
3960	#FFFFFF	983
3961	#FFFFFF	983
3962	#FFFFFF	983
3963	#FFFFFF	983
3964	#FFFFFF	195
3965	#FFFFFF	983
3966	#FFFFFF	983
3967	#FFFFFF	983
3968	#FFFFFF	1290
3969	#FFFFFF	111
3970	#FFFFFF	111
3971	#FFFFFF	111
3972	#FFFFFF	111
3973	#FFFFFF	111
3974	#FFFFFF	111
3975	#FFFFFF	195
3976	#FFFFFF	111
3977	#FFFFFF	111
3978	#FFFFFF	111
3979	#FFFFFF	111
3980	#FFFFFF	111
3981	#FFFFFF	111
3982	#FFFFFF	11
3983	#FFFFFF	111
3984	#FFFFFF	11
3985	#FFFFFF	195
3986	#FFFFFF	195
3987	#FFFFFF	195
3988	#FFFFFF	195
3989	#FFFFFF	195
4044	#FFFFFF	983
4045	#FFFFFF	192
4046	#FFFFFF	983
4047	#FFFFFF	192
4048	#FFFFFF	983
4049	#FFFFFF	983
4050	#FFFFFF	192
4051	#FFFFFF	192
4052	#FFFFFF	192
4053	#FFFFFF	192
4054	#FFFFFF	55
4055	#FFFFFF	192
4056	#FFFFFF	192
4057	#FFFFFF	192
4058	#FFFFFF	192
4059	#FFFFFF	192
4060	#FFFFFF	192
4061	#FFFFFF	192
4062	#FFFFFF	192
4063	#FFFFFF	192
4064	#FFFFFF	192
4065	#FFFFFF	983
4066	#FFFFFF	983
4067	#FFFFFF	983
4068	#FFFFFF	192
4069	#FFFFFF	192
4070	#FFFFFF	983
4071	#FFFFFF	192
4072	#FFFFFF	983
4073	#FFFFFF	983
4074	#FFFFFF	983
4075	#FFFFFF	983
4076	#FFFFFF	983
4077	#FFFFFF	192
4078	#FFFFFF	983
4079	#FFFFFF	192
4080	#FFFFFF	192
4081	#FFFFFF	192
4082	#FFFFFF	192
4083	#FFFFFF	11
4084	#FFFFFF	192
4085	#FFFFFF	11
4086	#FFFFFF	11
4087	#FFFFFF	983
4088	#FFFFFF	983
4089	#FFFFFF	983
4090	#FFFFFF	192
4091	#FFFFFF	192
4094	#FFFFFF	55
4095	#FFFFFF	983
4096	#FFFFFF	983
4097	#FFFFFF	983
4098	#FFFFFF	983
4099	#FFFFFF	983
4100	#FFFFFF	983
4101	#FFFFFF	192
4102	#FFFFFF	192
4103	#FFFFFF	192
4104	#FFFFFF	192
4105	#FFFFFF	55
4106	#FFFFFF	192
4107	#FFFFFF	192
4108	#FFFFFF	192
4109	#FFFFFF	192
4110	#FFFFFF	192
4111	#FFFFFF	192
4112	#FFFFFF	192
4113	#FFFFFF	192
4114	#FFFFFF	192
4115	#FFFFFF	192
4116	#FFFFFF	55
4117	#FFFFFF	983
4118	#FFFFFF	192
4119	#FFFFFF	192
4120	#FFFFFF	983
4121	#FFFFFF	192
4122	#FFFFFF	192
4123	#FFFFFF	983
4124	#FFFFFF	983
4125	#FFFFFF	983
4126	#FFFFFF	983
4127	#FFFFFF	983
4128	#FFFFFF	983
4129	#FFFFFF	983
4130	#FFFFFF	192
4131	#FFFFFF	192
4132	#FFFFFF	192
4133	#FFFFFF	192
4134	#FFFFFF	192
4135	#FFFFFF	192
4136	#FFFFFF	11
4137	#FFFFFF	983
4138	#FFFFFF	983
4139	#FFFFFF	192
4140	#FFFFFF	192
4141	#FFFFFF	192
4144	#FFFFFF	803
4145	#FFFFFF	192
4146	#FFFFFF	983
4147	#FFFFFF	983
4148	#FFFFFF	983
4149	#FFFFFF	983
4150	#FFFFFF	983
4151	#FFFFFF	983
4152	#FFFFFF	192
4153	#FFFFFF	192
4154	#FFFFFF	192
4155	#FFFFFF	55
4156	#FFFFFF	192
4157	#FFFFFF	192
4158	#FFFFFF	192
4159	#FFFFFF	192
4160	#FFFFFF	192
4161	#FFFFFF	192
4162	#FFFFFF	192
4163	#FFFFFF	192
4164	#FFFFFF	192
4165	#FFFFFF	192
4166	#FFFFFF	55
4167	#FFFFFF	983
4168	#FFFFFF	983
4169	#FFFFFF	983
4170	#FFFFFF	192
4171	#FFFFFF	983
4172	#FFFFFF	192
4173	#FFFFFF	983
4174	#FFFFFF	983
4175	#FFFFFF	983
4176	#FFFFFF	983
4177	#FFFFFF	55
4178	#FFFFFF	983
4179	#FFFFFF	983
4180	#FFFFFF	192
4181	#FFFFFF	192
4182	#FFFFFF	192
4183	#FFFFFF	983
4184	#FFFFFF	192
4185	#FFFFFF	983
4186	#FFFFFF	192
4187	#FFFFFF	11
4188	#FFFFFF	983
4189	#FFFFFF	983
4190	#FFFFFF	983
4191	#FFFFFF	192
4192	#FFFFFF	192
4194	#FFFFFF	803
4195	#FFFFFF	55
4196	#FFFFFF	192
4197	#FFFFFF	192
4198	#FFFFFF	983
4199	#FFFFFF	983
4200	#FFFFFF	983
4201	#FFFFFF	983
4202	#FFFFFF	192
4203	#FFFFFF	192
4204	#FFFFFF	192
4205	#FFFFFF	192
4206	#FFFFFF	55
4207	#FFFFFF	192
4208	#FFFFFF	192
4209	#FFFFFF	192
4210	#FFFFFF	192
4211	#FFFFFF	192
4212	#FFFFFF	192
4213	#FFFFFF	192
4214	#FFFFFF	192
4215	#FFFFFF	192
4216	#FFFFFF	192
4217	#FFFFFF	55
4218	#FFFFFF	983
4219	#FFFFFF	983
4220	#FFFFFF	192
4221	#FFFFFF	192
4222	#FFFFFF	192
4223	#FFFFFF	983
4224	#FFFFFF	983
4225	#FFFFFF	983
4226	#FFFFFF	983
4227	#FFFFFF	983
4228	#FFFFFF	983
4229	#FFFFFF	983
4230	#FFFFFF	983
4231	#FFFFFF	983
4232	#FFFFFF	983
4233	#FFFFFF	192
4234	#FFFFFF	983
4235	#FFFFFF	983
4236	#FFFFFF	11
4237	#FFFFFF	11
4238	#FFFFFF	983
4239	#FFFFFF	983
4240	#FFFFFF	192
4241	#FFFFFF	192
4242	#FFFFFF	192
4244	#FFFFFF	55
4245	#FFFFFF	55
4246	#FFFFFF	192
4247	#FFFFFF	192
4248	#FFFFFF	983
4249	#FFFFFF	983
4250	#FFFFFF	983
4251	#FFFFFF	983
4252	#FFFFFF	192
4253	#FFFFFF	192
4254	#FFFFFF	192
4255	#FFFFFF	192
4256	#FFFFFF	55
4257	#FFFFFF	192
4258	#FFFFFF	192
4259	#FFFFFF	192
4260	#FFFFFF	192
4261	#FFFFFF	192
4262	#FFFFFF	192
4263	#FFFFFF	192
4264	#FFFFFF	192
4265	#FFFFFF	192
4266	#FFFFFF	192
4267	#FFFFFF	55
4268	#FFFFFF	192
4269	#FFFFFF	983
4270	#FFFFFF	983
4271	#FFFFFF	192
4272	#FFFFFF	192
4273	#FFFFFF	983
4274	#FFFFFF	983
4275	#FFFFFF	983
4276	#FFFFFF	983
4277	#FFFFFF	983
4278	#FFFFFF	55
4279	#FFFFFF	983
4280	#FFFFFF	983
4281	#FFFFFF	983
4282	#FFFFFF	983
4283	#FFFFFF	983
4284	#FFFFFF	983
4285	#FFFFFF	983
4286	#FFFFFF	11
4287	#FFFFFF	11
4288	#FFFFFF	11
4289	#FFFFFF	983
4290	#FFFFFF	983
4291	#FFFFFF	983
4292	#FFFFFF	192
4293	#FFFFFF	192
4294	#FFFFFF	55
4295	#FFFFFF	55
4296	#FFFFFF	55
4297	#FFFFFF	192
4298	#FFFFFF	192
4299	#FFFFFF	983
4300	#FFFFFF	983
4301	#FFFFFF	983
4302	#FFFFFF	192
4303	#FFFFFF	192
4304	#FFFFFF	192
4305	#FFFFFF	192
4306	#FFFFFF	192
4307	#FFFFFF	55
4308	#FFFFFF	192
4309	#FFFFFF	192
4310	#FFFFFF	192
4311	#FFFFFF	192
4312	#FFFFFF	192
4313	#FFFFFF	192
4314	#FFFFFF	192
4315	#FFFFFF	192
4316	#FFFFFF	192
4317	#FFFFFF	192
4318	#FFFFFF	983
4319	#FFFFFF	983
4320	#FFFFFF	983
4321	#FFFFFF	192
4322	#FFFFFF	192
4323	#FFFFFF	192
4324	#FFFFFF	983
4325	#FFFFFF	983
4326	#FFFFFF	983
4327	#FFFFFF	983
4328	#FFFFFF	983
4329	#FFFFFF	983
4330	#FFFFFF	983
4331	#FFFFFF	983
4332	#FFFFFF	983
4333	#FFFFFF	983
4334	#FFFFFF	983
4335	#FFFFFF	11
4336	#FFFFFF	983
4337	#FFFFFF	11
4338	#FFFFFF	11
4339	#FFFFFF	55
4340	#FFFFFF	55
4341	#FFFFFF	983
4342	#FFFFFF	192
4343	#FFFFFF	192
4344	#FFFFFF	55
4345	#FFFFFF	55
4346	#FFFFFF	55
4347	#FFFFFF	192
4348	#FFFFFF	192
4349	#FFFFFF	983
4350	#FFFFFF	983
4351	#FFFFFF	983
4352	#FFFFFF	983
4353	#FFFFFF	192
4354	#FFFFFF	192
4355	#FFFFFF	192
4356	#FFFFFF	192
4357	#FFFFFF	55
4358	#FFFFFF	192
4359	#FFFFFF	192
4360	#FFFFFF	192
4361	#FFFFFF	192
4362	#FFFFFF	192
4363	#FFFFFF	192
4364	#FFFFFF	192
4365	#FFFFFF	192
4366	#FFFFFF	192
4367	#FFFFFF	983
4368	#FFFFFF	983
4369	#FFFFFF	192
4370	#FFFFFF	983
4371	#FFFFFF	983
4372	#FFFFFF	192
4373	#FFFFFF	192
4374	#FFFFFF	983
4375	#FFFFFF	983
4376	#FFFFFF	983
4377	#FFFFFF	983
4378	#FFFFFF	983
4379	#FFFFFF	983
4380	#FFFFFF	983
4381	#FFFFFF	983
4382	#FFFFFF	983
4383	#FFFFFF	983
4384	#FFFFFF	983
4385	#FFFFFF	983
4386	#FFFFFF	11
4387	#FFFFFF	983
4388	#FFFFFF	11
4389	#FFFFFF	11
4390	#FFFFFF	55
4391	#FFFFFF	55
4392	#FFFFFF	983
4393	#FFFFFF	983
4394	#FFFFFF	192
4395	#FFFFFF	55
4396	#FFFFFF	55
4397	#FFFFFF	55
4398	#FFFFFF	192
4399	#FFFFFF	983
4400	#FFFFFF	983
4401	#FFFFFF	983
4402	#FFFFFF	192
4403	#FFFFFF	192
4404	#FFFFFF	192
4405	#FFFFFF	192
4406	#FFFFFF	192
4407	#FFFFFF	192
4408	#FFFFFF	55
4409	#FFFFFF	192
4410	#FFFFFF	192
4411	#FFFFFF	192
4412	#FFFFFF	192
4413	#FFFFFF	192
4414	#FFFFFF	192
4415	#FFFFFF	192
4416	#FFFFFF	192
4417	#FFFFFF	983
4418	#FFFFFF	983
4419	#FFFFFF	55
4420	#FFFFFF	983
4421	#FFFFFF	192
4422	#FFFFFF	983
4423	#FFFFFF	983
4424	#FFFFFF	983
4425	#FFFFFF	983
4426	#FFFFFF	983
4427	#FFFFFF	983
4428	#FFFFFF	983
4429	#FFFFFF	983
4430	#FFFFFF	55
4431	#FFFFFF	983
4432	#FFFFFF	983
4433	#FFFFFF	983
4434	#FFFFFF	983
4435	#FFFFFF	983
4436	#FFFFFF	11
4437	#FFFFFF	983
4438	#FFFFFF	11
4439	#FFFFFF	11
4440	#FFFFFF	983
4441	#FFFFFF	983
4442	#FFFFFF	192
4443	#FFFFFF	192
4444	#FFFFFF	192
4445	#FFFFFF	55
4446	#FFFFFF	55
4447	#FFFFFF	55
4448	#FFFFFF	983
4449	#FFFFFF	192
4450	#FFFFFF	192
4451	#FFFFFF	192
4452	#FFFFFF	983
4453	#FFFFFF	192
4454	#FFFFFF	192
4455	#FFFFFF	192
4456	#FFFFFF	192
4457	#FFFFFF	192
4458	#FFFFFF	55
4459	#FFFFFF	192
4460	#FFFFFF	192
4461	#FFFFFF	192
4462	#FFFFFF	192
4463	#FFFFFF	192
4464	#FFFFFF	192
4465	#FFFFFF	192
4466	#FFFFFF	192
4467	#FFFFFF	983
4468	#FFFFFF	192
4469	#FFFFFF	55
4470	#FFFFFF	983
4471	#FFFFFF	983
4472	#FFFFFF	192
4473	#FFFFFF	983
4474	#FFFFFF	983
4475	#FFFFFF	983
4476	#FFFFFF	983
4477	#FFFFFF	983
4478	#FFFFFF	983
4479	#FFFFFF	983
4480	#FFFFFF	55
4481	#FFFFFF	983
4482	#FFFFFF	983
4483	#FFFFFF	983
4484	#FFFFFF	983
4485	#FFFFFF	983
4486	#FFFFFF	11
4487	#FFFFFF	983
4488	#FFFFFF	11
4489	#FFFFFF	11
4490	#FFFFFF	11
4491	#FFFFFF	983
4492	#FFFFFF	983
4493	#FFFFFF	192
4494	#FFFFFF	192
4495	#FFFFFF	192
4496	#FFFFFF	55
4497	#FFFFFF	55
4498	#FFFFFF	55
4499	#FFFFFF	983
4500	#FFFFFF	192
4501	#FFFFFF	192
4502	#FFFFFF	192
4503	#FFFFFF	192
4504	#FFFFFF	192
4505	#FFFFFF	192
4506	#FFFFFF	192
4507	#FFFFFF	192
4508	#FFFFFF	192
4509	#FFFFFF	55
4510	#FFFFFF	192
4511	#FFFFFF	192
4512	#FFFFFF	192
4513	#FFFFFF	192
4514	#FFFFFF	192
4515	#FFFFFF	192
4516	#FFFFFF	192
4517	#FFFFFF	192
4518	#FFFFFF	192
4519	#FFFFFF	192
4520	#FFFFFF	55
4521	#FFFFFF	983
4522	#FFFFFF	983
4523	#FFFFFF	192
4524	#FFFFFF	983
4525	#FFFFFF	983
4526	#FFFFFF	983
4527	#FFFFFF	983
4528	#FFFFFF	983
4529	#FFFFFF	111
4530	#FFFFFF	983
4531	#FFFFFF	55
4532	#FFFFFF	983
4533	#FFFFFF	983
4534	#FFFFFF	983
4535	#FFFFFF	983
4536	#FFFFFF	983
4537	#FFFFFF	11
4538	#FFFFFF	11
4539	#FFFFFF	11
4540	#FFFFFF	11
4541	#FFFFFF	983
4542	#FFFFFF	983
4543	#FFFFFF	192
4544	#FFFFFF	192
4545	#FFFFFF	983
4546	#FFFFFF	983
4547	#FFFFFF	983
4548	#FFFFFF	983
4549	#FFFFFF	192
4550	#FFFFFF	983
4551	#FFFFFF	192
4552	#FFFFFF	192
4553	#FFFFFF	192
4554	#FFFFFF	192
4555	#FFFFFF	192
4556	#FFFFFF	833
4557	#FFFFFF	833
4558	#FFFFFF	833
4559	#FFFFFF	983
4560	#FFFFFF	192
4561	#FFFFFF	192
4562	#FFFFFF	192
4563	#FFFFFF	192
4564	#FFFFFF	192
4565	#FFFFFF	192
4566	#FFFFFF	192
4567	#FFFFFF	192
4568	#FFFFFF	192
4569	#FFFFFF	192
4570	#FFFFFF	983
4571	#FFFFFF	192
4572	#FFFFFF	192
4573	#FFFFFF	983
4574	#FFFFFF	192
4575	#FFFFFF	192
4576	#FFFFFF	192
4577	#FFFFFF	192
4578	#FFFFFF	192
4579	#FFFFFF	192
4580	#FFFFFF	192
4582	#FFFFFF	192
4583	#FFFFFF	33
4584	#FFFFFF	33
4585	#FFFFFF	192
4586	#FFFFFF	192
4587	#FFFFFF	11
4588	#FFFFFF	11
4589	#FFFFFF	11
4590	#FFFFFF	11
4591	#FFFFFF	11
4594	#FFFFFF	192
4595	#FFFFFF	192
4596	#FFFFFF	192
4597	#FFFFFF	983
4598	#FFFFFF	983
4599	#FFFFFF	983
4600	#FFFFFF	983
4601	#FFFFFF	192
4602	#FFFFFF	192
4603	#FFFFFF	833
4604	#FFFFFF	192
4605	#FFFFFF	192
4606	#FFFFFF	833
4607	#FFFFFF	833
4608	#FFFFFF	833
4609	#FFFFFF	833
4610	#FFFFFF	983
4611	#FFFFFF	192
4612	#FFFFFF	192
4613	#FFFFFF	192
4614	#FFFFFF	192
4615	#FFFFFF	192
4616	#FFFFFF	192
4617	#FFFFFF	192
4618	#FFFFFF	192
4619	#FFFFFF	192
4620	#FFFFFF	192
4621	#FFFFFF	983
4622	#FFFFFF	192
4623	#FFFFFF	192
4624	#FFFFFF	192
4625	#FFFFFF	192
4626	#FFFFFF	192
4627	#FFFFFF	192
4628	#FFFFFF	192
4629	#FFFFFF	192
4630	#FFFFFF	192
4631	#FFFFFF	33
4633	#FFFFFF	192
4634	#FFFFFF	33
4635	#FFFFFF	33
4636	#FFFFFF	33
4637	#FFFFFF	11
4638	#FFFFFF	11
4639	#FFFFFF	11
4640	#FFFFFF	11
4641	#FFFFFF	11
4644	#FFFFFF	192
4645	#FFFFFF	192
4646	#FFFFFF	192
4647	#FFFFFF	192
4648	#FFFFFF	983
4649	#FFFFFF	192
4650	#FFFFFF	983
4651	#FFFFFF	983
4652	#FFFFFF	192
4653	#FFFFFF	192
4654	#FFFFFF	833
4655	#FFFFFF	833
4656	#FFFFFF	833
4657	#FFFFFF	833
4658	#FFFFFF	833
4659	#FFFFFF	833
4660	#FFFFFF	983
4661	#FFFFFF	833
4662	#FFFFFF	192
4663	#FFFFFF	192
4664	#FFFFFF	192
4665	#FFFFFF	192
4666	#FFFFFF	192
4667	#FFFFFF	192
4668	#FFFFFF	192
4669	#FFFFFF	192
4670	#FFFFFF	192
4671	#FFFFFF	983
4672	#FFFFFF	192
4673	#FFFFFF	192
4674	#FFFFFF	192
4675	#FFFFFF	192
4676	#FFFFFF	192
4677	#FFFFFF	192
4678	#FFFFFF	192
4679	#FFFFFF	192
4680	#FFFFFF	192
4681	#FFFFFF	192
4682	#FFFFFF	983
4683	#FFFFFF	33
4684	#FFFFFF	192
4685	#FFFFFF	33
4686	#FFFFFF	33
4687	#FFFFFF	11
4688	#FFFFFF	11
4689	#FFFFFF	11
4690	#FFFFFF	11
4691	#FFFFFF	11
4692	#FFFFFF	11
4696	#FFFFFF	192
4697	#FFFFFF	192
4698	#FFFFFF	192
4699	#FFFFFF	192
4700	#FFFFFF	983
4701	#FFFFFF	983
4702	#FFFFFF	983
4703	#FFFFFF	192
4704	#FFFFFF	192
4705	#FFFFFF	833
4706	#FFFFFF	833
4707	#FFFFFF	192
4708	#FFFFFF	833
4709	#FFFFFF	833
4710	#FFFFFF	833
4711	#FFFFFF	192
4712	#FFFFFF	833
4713	#FFFFFF	833
4714	#FFFFFF	192
4715	#FFFFFF	192
4716	#FFFFFF	192
4717	#FFFFFF	192
4718	#FFFFFF	192
4719	#FFFFFF	192
4720	#FFFFFF	192
4721	#FFFFFF	192
4722	#FFFFFF	983
4723	#FFFFFF	192
4724	#FFFFFF	192
4725	#FFFFFF	192
4726	#FFFFFF	192
4727	#FFFFFF	192
4728	#FFFFFF	192
4729	#FFFFFF	192
4730	#FFFFFF	192
4731	#FFFFFF	192
4732	#FFFFFF	33
4733	#FFFFFF	192
4734	#FFFFFF	33
4735	#FFFFFF	33
4736	#FFFFFF	33
4737	#FFFFFF	33
4738	#FFFFFF	11
4739	#FFFFFF	11
4740	#FFFFFF	11
4741	#FFFFFF	11
4742	#FFFFFF	11
4746	#FFFFFF	192
4747	#FFFFFF	192
4748	#FFFFFF	192
4749	#FFFFFF	192
4750	#FFFFFF	983
4751	#FFFFFF	192
4752	#FFFFFF	192
4753	#FFFFFF	192
4754	#FFFFFF	192
4755	#FFFFFF	833
4756	#FFFFFF	833
4757	#FFFFFF	833
4758	#FFFFFF	192
4759	#FFFFFF	833
4760	#FFFFFF	192
4761	#FFFFFF	192
4762	#FFFFFF	833
4763	#FFFFFF	833
4764	#FFFFFF	192
4765	#FFFFFF	192
4766	#FFFFFF	192
4767	#FFFFFF	192
4768	#FFFFFF	192
4769	#FFFFFF	192
4770	#FFFFFF	192
4771	#FFFFFF	192
4772	#FFFFFF	192
4773	#FFFFFF	192
4774	#FFFFFF	192
4775	#FFFFFF	192
4776	#FFFFFF	192
4777	#FFFFFF	192
4778	#FFFFFF	192
4779	#FFFFFF	192
4780	#FFFFFF	192
4781	#FFFFFF	192
4782	#FFFFFF	33
4783	#FFFFFF	192
4784	#FFFFFF	33
4785	#FFFFFF	33
4786	#FFFFFF	33
4787	#FFFFFF	33
4788	#FFFFFF	27
4789	#FFFFFF	11
4790	#FFFFFF	11
4791	#FFFFFF	27
4792	#FFFFFF	27
4793	#FFFFFF	11
4794	#FFFFFF	192
4798	#FFFFFF	192
4799	#FFFFFF	192
4800	#FFFFFF	192
4801	#FFFFFF	192
4802	#FFFFFF	192
4803	#FFFFFF	192
4804	#FFFFFF	833
4805	#FFFFFF	833
4806	#FFFFFF	833
4807	#FFFFFF	833
4808	#FFFFFF	833
4809	#FFFFFF	192
4810	#FFFFFF	192
4811	#FFFFFF	192
4812	#FFFFFF	192
4813	#FFFFFF	1696
4814	#FFFFFF	833
4815	#FFFFFF	192
4816	#FFFFFF	192
4817	#FFFFFF	192
4818	#FFFFFF	192
4819	#FFFFFF	192
4820	#FFFFFF	192
4821	#FFFFFF	192
4822	#FFFFFF	192
4823	#FFFFFF	192
4824	#FFFFFF	192
4825	#FFFFFF	192
4826	#FFFFFF	192
4827	#FFFFFF	192
4828	#FFFFFF	192
4829	#FFFFFF	33
4830	#FFFFFF	192
4831	#FFFFFF	192
4832	#FFFFFF	33
4833	#FFFFFF	33
4834	#FFFFFF	192
4835	#FFFFFF	33
4836	#FFFFFF	33
4837	#FFFFFF	33
4838	#FFFFFF	33
4839	#FFFFFF	27
4840	#FFFFFF	11
4841	#FFFFFF	11
4842	#FFFFFF	27
4843	#FFFFFF	27
4844	#FFFFFF	192
4848	#FFFFFF	1703
4849	#FFFFFF	192
4850	#FFFFFF	192
4851	#FFFFFF	192
4852	#FFFFFF	192
4853	#FFFFFF	192
4854	#FFFFFF	192
4855	#FFFFFF	833
4856	#FFFFFF	192
4857	#FFFFFF	192
4858	#FFFFFF	833
4859	#FFFFFF	833
4860	#FFFFFF	192
4861	#FFFFFF	192
4862	#FFFFFF	192
4863	#FFFFFF	192
4864	#FFFFFF	833
4865	#FFFFFF	192
4866	#FFFFFF	192
4867	#FFFFFF	192
4868	#FFFFFF	192
4869	#FFFFFF	192
4870	#FFFFFF	192
4871	#FFFFFF	192
4872	#FFFFFF	192
4873	#FFFFFF	192
4874	#FFFFFF	192
4875	#FFFFFF	192
4876	#FFFFFF	192
4877	#FFFFFF	192
4878	#FFFFFF	192
4879	#FFFFFF	33
4880	#FFFFFF	192
4881	#FFFFFF	192
4882	#FFFFFF	33
4883	#FFFFFF	33
4884	#FFFFFF	192
4885	#FFFFFF	33
4886	#FFFFFF	33
4887	#FFFFFF	33
4888	#FFFFFF	33
4889	#FFFFFF	33
4890	#FFFFFF	27
4891	#FFFFFF	27
4892	#FFFFFF	27
4893	#FFFFFF	27
4894	#FFFFFF	27
4895	#FFFFFF	192
4896	#FFFFFF	192
4900	#FFFFFF	192
4901	#FFFFFF	192
4902	#FFFFFF	192
4903	#FFFFFF	192
4904	#FFFFFF	192
4905	#FFFFFF	192
4906	#FFFFFF	192
4907	#FFFFFF	192
4908	#FFFFFF	192
4909	#FFFFFF	192
4910	#FFFFFF	833
4911	#FFFFFF	192
4912	#FFFFFF	192
4913	#FFFFFF	192
4914	#FFFFFF	833
4915	#FFFFFF	192
4916	#FFFFFF	192
4917	#FFFFFF	192
4918	#FFFFFF	192
4919	#FFFFFF	192
4920	#FFFFFF	192
4921	#FFFFFF	192
4922	#FFFFFF	192
4923	#FFFFFF	192
4924	#FFFFFF	192
4925	#FFFFFF	192
4926	#FFFFFF	192
4927	#FFFFFF	192
4928	#FFFFFF	33
4929	#FFFFFF	33
4930	#FFFFFF	33
4931	#FFFFFF	192
4932	#FFFFFF	33
4933	#FFFFFF	33
4934	#FFFFFF	33
4935	#FFFFFF	192
4936	#FFFFFF	33
4937	#FFFFFF	844
4938	#FFFFFF	844
4939	#FFFFFF	33
4940	#FFFFFF	33
4941	#FFFFFF	27
4942	#FFFFFF	27
4943	#FFFFFF	27
4944	#FFFFFF	27
4945	#FFFFFF	192
4946	#FFFFFF	192
4950	#FFFFFF	192
4951	#FFFFFF	192
4952	#FFFFFF	192
4954	#FFFFFF	192
4955	#FFFFFF	192
4956	#FFFFFF	192
4957	#FFFFFF	192
4958	#FFFFFF	192
4959	#FFFFFF	192
4960	#FFFFFF	833
4961	#FFFFFF	192
4962	#FFFFFF	192
4963	#FFFFFF	192
4964	#FFFFFF	192
4965	#FFFFFF	192
4966	#FFFFFF	192
4967	#FFFFFF	192
4968	#FFFFFF	192
4969	#FFFFFF	192
4970	#FFFFFF	192
4971	#FFFFFF	192
4972	#FFFFFF	192
4973	#FFFFFF	192
4974	#FFFFFF	192
4975	#FFFFFF	192
4976	#FFFFFF	192
4977	#FFFFFF	192
4978	#FFFFFF	192
4979	#FFFFFF	33
4980	#FFFFFF	33
4981	#FFFFFF	192
4982	#FFFFFF	33
4983	#FFFFFF	33
4984	#FFFFFF	33
4985	#FFFFFF	192
4986	#FFFFFF	844
4987	#FFFFFF	33
4988	#FFFFFF	844
4989	#FFFFFF	33
4990	#FFFFFF	33
4991	#FFFFFF	27
4992	#FFFFFF	27
4993	#FFFFFF	27
4994	#FFFFFF	27
4995	#FFFFFF	27
4996	#FFFFFF	192
4997	#FFFFFF	192
4998	#FFFFFF	192
5001	#FFFFFF	192
5002	#FFFFFF	192
5003	#FFFFFF	192
5005	#FFFFFF	192
5006	#FFFFFF	192
5007	#FFFFFF	192
5008	#FFFFFF	192
5009	#FFFFFF	192
5010	#FFFFFF	833
5011	#FFFFFF	192
5012	#FFFFFF	192
5013	#FFFFFF	192
5014	#FFFFFF	192
5015	#FFFFFF	192
5016	#FFFFFF	192
5017	#FFFFFF	192
5018	#FFFFFF	192
5019	#FFFFFF	192
5020	#FFFFFF	192
5021	#FFFFFF	192
5022	#FFFFFF	192
5023	#FFFFFF	192
5024	#FFFFFF	192
5025	#FFFFFF	192
5026	#FFFFFF	192
5027	#FFFFFF	192
5028	#FFFFFF	33
5029	#FFFFFF	33
5030	#FFFFFF	33
5031	#FFFFFF	33
5032	#FFFFFF	33
5033	#FFFFFF	33
5034	#FFFFFF	33
5035	#FFFFFF	33
5036	#FFFFFF	192
5037	#FFFFFF	844
5038	#FFFFFF	844
5039	#FFFFFF	33
5040	#FFFFFF	33
5041	#FFFFFF	33
5042	#FFFFFF	27
5043	#FFFFFF	27
5044	#FFFFFF	27
5045	#FFFFFF	27
5046	#FFFFFF	192
5047	#FFFFFF	192
5048	#FFFFFF	192
